[
  {
    "bodyPart": "cardio",
    "equipment": "body weight",
    "gifUrl": "https://gymvisual.com/img/p/1/2/9/4/4/12944.gif",
    "id": 3220,
    "name": "astride jumps (male)",
    "target": "cardiovascular system"
  },
  {
    "bodyPart": "cardio",
    "equipment": "body weight",
    "gifUrl": "https://gymvisual.com/img/p/1/4/7/5/4/14754.gif",
    "id": 3672,
    "name": "back and forth step",
    "target": "cardiovascular system"
  },
  {
    "bodyPart": "cardio",
    "equipment": "body weight",
    "gifUrl": "https://media.tenor.com/W7u3yBYEWD8AAAAM/bear-crawl-exercise.gif",
    "id": 3360,
    "name": "bear crawl",
    "target": "cardiovascular system"
  },
  {
    "bodyPart": "cardio",
    "equipment": "body weight",
    "gifUrl": "https://media.tenor.com/qwBnfwkU4BkAAAAM/i-workout-winnie-the-pooh.gif",
    "id": 1160,
    "name": "burpee",
    "target": "cardiovascular system"
  },
  {
    "bodyPart": "cardio",
    "equipment": "leverage machine",
    "gifUrl": "https://media.tenor.com/QpXhkO86o9QAAAAM/kris-mercado.gif",
    "id": 2331,
    "name": "cycle cross trainer",
    "target": "cardiovascular system"
  },
  {
    "bodyPart": "cardio",
    "equipment": "dumbbell",
    "gifUrl": "https://gymvisual.com/img/p/8/9/6/7/8967.gif",
    "id": 1201,
    "name": "dumbbell burpee",
    "target": "cardiovascular system"
  },
  {
    "bodyPart": "cardio",
    "equipment": "body weight",
    "gifUrl": "https://gymvisual.com/img/p/1/2/9/6/4/12964.gif",
    "id": 3221,
    "name": "half knee bends (male)",
    "target": "cardiovascular system"
  },
  {
    "bodyPart": "cardio",
    "equipment": "body weight",
    "gifUrl": "https://gymvisual.com/img/p/1/4/7/3/5/14735.gif",
    "id": 3636,
    "name": "high knee against wall",
    "target": "cardiovascular system"
  },
  {
    "bodyPart": "cardio",
    "equipment": "body weight",
    "gifUrl": "https://gymvisual.com/img/p/8/9/6/5/8965.gif",
    "id": 501,
    "name": "jack burpee",
    "target": "cardiovascular system"
  },
  {
    "bodyPart": "cardio",
    "equipment": "body weight",
    "gifUrl": "https://media.tenor.com/Kpa7jaH92DEAAAAM/jack-black-star-jump.gif",
    "id": 3224,
    "name": "jack jump (male)",
    "target": "cardiovascular system"
  },
  {
    "bodyPart": "cardio",
    "equipment": "rope",
    "gifUrl": "https://media.tenor.com/FzbqxYZC98IAAAAM/jump-rope-exercise.gif",
    "id": 2612,
    "name": "jump rope",
    "target": "cardiovascular system"
  },
  {
    "bodyPart": "cardio",
    "equipment": "body weight",
    "gifUrl": "https://media.tenor.com/xERfJnF7wLEAAAAM/climbing-crux.gif",
    "id": 630,
    "name": "mountain climber",
    "target": "cardiovascular system"
  },
  {
    "bodyPart": "cardio",
    "equipment": "body weight",
    "gifUrl": "https://gymvisual.com/img/p/1/4/7/3/7/14737.gif",
    "id": 3638,
    "name": "push to run",
    "target": "cardiovascular system"
  },
  {
    "bodyPart": "cardio",
    "equipment": "body weight",
    "gifUrl": "https://media.tenor.com/OCyRqWfEtDgAAAAj/fitness-workout.gif",
    "id": 685,
    "name": "run",
    "target": "cardiovascular system"
  },
  {
    "bodyPart": "cardio",
    "equipment": "body weight",
    "gifUrl": "https://media.tenor.com/qz7fu8_OhPIAAAAM/treadmill-run.gif",
    "id": 684,
    "name": "run (equipment)",
    "target": "cardiovascular system"
  },
  {
    "bodyPart": "cardio",
    "equipment": "body weight",
    "gifUrl": "https://gymvisual.com/img/p/1/2/9/5/0/12950.gif",
    "id": 3219,
    "name": "scissor jumps (male)",
    "target": "cardiovascular system"
  },
  {
    "bodyPart": "cardio",
    "equipment": "body weight",
    "gifUrl": "https://gymvisual.com/img/p/1/2/9/4/9/12949.gif",
    "id": 3222,
    "name": "semi squat jump (male)",
    "target": "cardiovascular system"
  },
  {
    "bodyPart": "cardio",
    "equipment": "body weight",
    "gifUrl": "https://gymvisual.com/img/p/1/4/7/4/6/14746.gif",
    "id": 3656,
    "name": "short stride run",
    "target": "cardiovascular system"
  },
  {
    "bodyPart": "cardio",
    "equipment": "body weight",
    "gifUrl": "https://gymvisual.com/img/p/1/3/6/7/9/13679.gif",
    "id": 3361,
    "name": "skater hops",
    "target": "cardiovascular system"
  },
  {
    "bodyPart": "cardio",
    "equipment": "body weight",
    "gifUrl": "https://i.pinimg.com/originals/e7/ac/ec/e7acecdc2d197d211561142358319daa.gif",
    "id": 3671,
    "name": "ski step",
    "target": "cardiovascular system"
  },
  {
    "bodyPart": "cardio",
    "equipment": "body weight",
    "gifUrl": "https://media.tenor.com/Kpa7jaH92DEAAAAM/jack-black-star-jump.gif",
    "id": 3223,
    "name": "star jump (male)",
    "target": "cardiovascular system"
  },
  {
    "bodyPart": "cardio",
    "equipment": "stationary bike",
    "gifUrl": "https://gymvisual.com/img/p/8/7/5/9/8759.gif",
    "id": 2138,
    "name": "stationary bike run v. 3",
    "target": "cardiovascular system"
  },
  {
    "bodyPart": "cardio",
    "equipment": "leverage machine",
    "gifUrl": "https://gymvisual.com/img/p/6/7/5/5/6755.gif",
    "id": 798,
    "name": "stationary bike walk",
    "target": "cardiovascular system"
  },
  {
    "bodyPart": "cardio",
    "equipment": "body weight",
    "gifUrl": "https://gymvisual.com/img/p/1/3/2/0/6/13206.gif",
    "id": 3318,
    "name": "swing 360",
    "target": "cardiovascular system"
  },
  {
    "bodyPart": "cardio",
    "equipment": "elliptical machine",
    "gifUrl": "https://gymvisual.com/img/p/8/7/6/2/8762.gif",
    "id": 2141,
    "name": "walk elliptical cross trainer",
    "target": "cardiovascular system"
  },
  {
    "bodyPart": "cardio",
    "equipment": "body weight",
    "gifUrl": "https://gymvisual.com/img/p/1/4/7/4/5/14745.gif",
    "id": 3655,
    "name": "walking high knees lunge",
    "target": "cardiovascular system"
  },
  {
    "bodyPart": "cardio",
    "equipment": "leverage machine",
    "gifUrl": "https://gymvisual.com/img/p/1/4/4/5/7/14457.gif",
    "id": 3666,
    "name": "walking on incline treadmill",
    "target": "cardiovascular system"
  },
  {
    "bodyPart": "cardio",
    "equipment": "stepmill machine",
    "gifUrl": "https://gymvisual.com/img/p/1/0/6/7/3/10673.gif",
    "id": 2311,
    "name": "walking on stepmill",
    "target": "cardiovascular system"
  },
  {
    "bodyPart": "cardio",
    "equipment": "body weight",
    "gifUrl": "https://gymvisual.com/img/p/1/4/7/3/6/14736.gif",
    "id": 3637,
    "name": "wheel run",
    "target": "cardiovascular system"
  }
]