[
  {
    "bodyPart": "chest",
    "equipment": "body weight",
    "gifUrl": "https://gymvisual.com/img/p/2/0/9/4/8/20948.gif",
    "id": 3294,
    "name": "archer push up",
    "target": "pectorals"
  },
  {
    "bodyPart": "chest",
    "equipment": "leverage machine",
    "gifUrl": "https://gymvisual.com/img/p/4/7/4/0/4740.gif",
    "id": 9,
    "name": "assisted chest dip (kneeling)",
    "target": "pectorals"
  },
  {
    "bodyPart": "chest",
    "equipment": "assisted",
    "gifUrl": "https://gymvisual.com/img/p/7/4/2/9/7429.gif",
    "id": 1716,
    "name": "assisted seated pectoralis major stretch with stability ball",
    "target": "pectorals"
  },
  {
    "bodyPart": "chest",
    "equipment": "leverage machine",
    "gifUrl": "https://gymvisual.com/img/p/1/0/2/8/7/10287.gif",
    "id": 2364,
    "name": "assisted wide-grip chest dip (kneeling)",
    "target": "pectorals"
  },
  {
    "bodyPart": "chest",
    "equipment": "band",
    "gifUrl": "https://gymvisual.com/img/p/6/5/2/1/6521.gif",
    "id": 1254,
    "name": "band bench press",
    "target": "pectorals"
  },
  {
    "bodyPart": "chest",
    "equipment": "band",
    "gifUrl": "https://gymvisual.com/img/p/5/7/0/2/5702.gif",
    "id": 989,
    "name": "band one arm twisting chest press",
    "target": "pectorals"
  },
  {
    "bodyPart": "chest",
    "equipment": "barbell",
    "gifUrl": "https://gymvisual.com/img/p/1/7/5/5/2/17552.gif",
    "id": 25,
    "name": "barbell bench press",
    "target": "pectorals"
  },
  {
    "bodyPart": "chest",
    "equipment": "barbell",
    "gifUrl": "https://gymvisual.com/img/p/4/7/6/4/4764.gif",
    "id": 33,
    "name": "barbell decline bench press",
    "target": "pectorals"
  },
  {
    "bodyPart": "chest",
    "equipment": "barbell",
    "gifUrl": "https://gymvisual.com/img/p/6/5/2/2/6522.gif",
    "id": 1255,
    "name": "barbell decline pullover",
    "target": "pectorals"
  },
  {
    "bodyPart": "chest",
    "equipment": "barbell",
    "gifUrl": "https://gymvisual.com/img/p/4/7/6/7/4767.gif",
    "id": 36,
    "name": "barbell decline wide-grip press",
    "target": "pectorals"
  },
  {
    "bodyPart": "chest",
    "equipment": "barbell",
    "gifUrl": "https://gymvisual.com/img/p/4/7/7/1/4771.gif",
    "id": 40,
    "name": "barbell front raise and pullover",
    "target": "pectorals"
  },
  {
    "bodyPart": "chest",
    "equipment": "barbell",
    "gifUrl": "https://gymvisual.com/img/p/4/7/7/6/4776.gif",
    "id": 45,
    "name": "barbell guillotine bench press",
    "target": "pectorals"
  },
  {
    "bodyPart": "chest",
    "equipment": "barbell",
    "gifUrl": "https://gymvisual.com/img/p/4/7/7/8/4778.gif",
    "id": 47,
    "name": "barbell incline bench press",
    "target": "pectorals"
  },
  {
    "bodyPart": "chest",
    "equipment": "barbell",
    "gifUrl": "https://gymvisual.com/img/p/4/7/8/1/4781.gif",
    "id": 50,
    "name": "barbell incline shoulder raise",
    "target": "serratus anterior"
  },
  {
    "bodyPart": "chest",
    "equipment": "barbell",
    "gifUrl": "https://gymvisual.com/img/p/6/5/2/3/6523.gif",
    "id": 1256,
    "name": "barbell reverse grip decline bench press",
    "target": "pectorals"
  },
  {
    "bodyPart": "chest",
    "equipment": "barbell",
    "gifUrl": "https://gymvisual.com/img/p/5/8/6/7/5867.gif",
    "id": 1257,
    "name": "barbell reverse grip incline bench press",
    "target": "pectorals"
  },
  {
    "bodyPart": "chest",
    "equipment": "barbell",
    "gifUrl": "https://gymvisual.com/img/p/1/7/5/5/2/17552.gif",
    "id": 122,
    "name": "barbell wide bench press",
    "target": "pectorals"
  },
  {
    "bodyPart": "chest",
    "equipment": "barbell",
    "gifUrl": "https://gymvisual.com/img/p/6/5/2/5/6525.gif",
    "id": 1258,
    "name": "barbell wide reverse grip bench press",
    "target": "pectorals"
  },
  {
    "bodyPart": "chest",
    "equipment": "assisted",
    "gifUrl": "https://gymvisual.com/img/p/6/5/2/6/6526.gif",
    "id": 1259,
    "name": "behind head chest stretch",
    "target": "pectorals"
  },
  {
    "bodyPart": "chest",
    "equipment": "cable",
    "gifUrl": "https://gymvisual.com/img/p/2/0/5/5/9/20559.gif",
    "id": 151,
    "name": "cable bench press",
    "target": "pectorals"
  },
  {
    "bodyPart": "chest",
    "equipment": "cable",
    "gifUrl": "https://gymvisual.com/img/p/4/8/8/8/4888.gif",
    "id": 155,
    "name": "cable cross-over variation",
    "target": "pectorals"
  },
  {
    "bodyPart": "chest",
    "equipment": "cable",
    "gifUrl": "https://gymvisual.com/img/p/4/8/9/1/4891.gif",
    "id": 158,
    "name": "cable decline fly",
    "target": "pectorals"
  },
  {
    "bodyPart": "chest",
    "equipment": "cable",
    "gifUrl": "https://gymvisual.com/img/p/6/5/2/7/6527.gif",
    "id": 1260,
    "name": "cable decline one arm press",
    "target": "pectorals"
  },
  {
    "bodyPart": "chest",
    "equipment": "cable",
    "gifUrl": "https://gymvisual.com/img/p/2/8/9/6/3/28963.gif",
    "id": 1261,
    "name": "cable decline press",
    "target": "pectorals"
  },
  {
    "bodyPart": "chest",
    "equipment": "cable",
    "gifUrl": "https://gymvisual.com/img/p/2/8/9/5/9/28959.gif",
    "id": 169,
    "name": "cable incline bench press",
    "target": "pectorals"
  },
  {
    "bodyPart": "chest",
    "equipment": "cable",
    "gifUrl": "https://gymvisual.com/img/p/4/9/0/4/4904.gif",
    "id": 171,
    "name": "cable incline fly",
    "target": "pectorals"
  },
  {
    "bodyPart": "chest",
    "equipment": "cable",
    "gifUrl": "https://gymvisual.com/img/p/4/9/0/3/4903.gif",
    "id": 170,
    "name": "cable incline fly (on stability ball)",
    "target": "pectorals"
  },
  {
    "bodyPart": "chest",
    "equipment": "cable",
    "gifUrl": "https://gymvisual.com/img/p/4/9/1/2/4912.gif",
    "id": 179,
    "name": "cable low fly",
    "target": "pectorals"
  },
  {
    "bodyPart": "chest",
    "equipment": "cable",
    "gifUrl": "https://gymvisual.com/img/p/4/9/1/8/4918.gif",
    "id": 185,
    "name": "cable lying fly",
    "target": "pectorals"
  },
  {
    "bodyPart": "chest",
    "equipment": "cable",
    "gifUrl": "https://gymvisual.com/img/p/4/9/2/1/4921.gif",
    "id": 188,
    "name": "cable middle fly",
    "target": "pectorals"
  },
  {
    "bodyPart": "chest",
    "equipment": "cable",
    "gifUrl": "https://gymvisual.com/img/p/6/5/2/9/6529.gif",
    "id": 1262,
    "name": "cable one arm decline chest fly",
    "target": "pectorals"
  },
  {
    "bodyPart": "chest",
    "equipment": "cable",
    "gifUrl": "https://gymvisual.com/img/p/6/5/3/0/6530.gif",
    "id": 1263,
    "name": "cable one arm fly on exercise ball",
    "target": "pectorals"
  },
  {
    "bodyPart": "chest",
    "equipment": "cable",
    "gifUrl": "https://gymvisual.com/img/p/6/5/3/1/6531.gif",
    "id": 1264,
    "name": "cable one arm incline fly on exercise ball",
    "target": "pectorals"
  },
  {
    "bodyPart": "chest",
    "equipment": "cable",
    "gifUrl": "https://gymvisual.com/img/p/6/5/3/2/6532.gif",
    "id": 1265,
    "name": "cable one arm incline press",
    "target": "pectorals"
  },
  {
    "bodyPart": "chest",
    "equipment": "cable",
    "gifUrl": "https://gymvisual.com/img/p/6/5/3/3/6533.gif",
    "id": 1266,
    "name": "cable one arm incline press on exercise ball",
    "target": "pectorals"
  },
  {
    "bodyPart": "chest",
    "equipment": "cable",
    "gifUrl": "https://gymvisual.com/img/p/4/9/2/4/4924.gif",
    "id": 191,
    "name": "cable one arm lateral bent-over",
    "target": "pectorals"
  },
  {
    "bodyPart": "chest",
    "equipment": "cable",
    "gifUrl": "https://gymvisual.com/img/p/6/5/3/4/6534.gif",
    "id": 1267,
    "name": "cable one arm press on exercise ball",
    "target": "pectorals"
  },
  {
    "bodyPart": "chest",
    "equipment": "cable",
    "gifUrl": "https://gymvisual.com/img/p/6/5/3/5/6535.gif",
    "id": 1268,
    "name": "cable press on exercise ball",
    "target": "pectorals"
  },
  {
    "bodyPart": "chest",
    "equipment": "cable",
    "gifUrl": "https://gymvisual.com/img/p/8/7/7/4/8774.gif",
    "id": 2144,
    "name": "cable seated chest press",
    "target": "pectorals"
  },
  {
    "bodyPart": "chest",
    "equipment": "cable",
    "gifUrl": "https://gymvisual.com/img/p/2/4/7/6/0/24760.gif",
    "id": 227,
    "name": "cable standing fly",
    "target": "pectorals"
  },
  {
    "bodyPart": "chest",
    "equipment": "cable",
    "gifUrl": "https://gymvisual.com/img/p/6/5/3/6/6536.gif",
    "id": 1269,
    "name": "cable standing up straight crossovers",
    "target": "pectorals"
  },
  {
    "bodyPart": "chest",
    "equipment": "cable",
    "gifUrl": "https://gymvisual.com/img/p/6/5/3/7/6537.gif",
    "id": 1270,
    "name": "cable upper chest crossovers",
    "target": "pectorals"
  },
  {
    "bodyPart": "chest",
    "equipment": "body weight",
    "gifUrl": "https://gymvisual.com/img/p/6/5/3/8/6538.gif",
    "id": 1271,
    "name": "chest and front of shoulder stretch",
    "target": "pectorals"
  },
  {
    "bodyPart": "chest",
    "equipment": "body weight",
    "gifUrl": "https://media1.tenor.com/m/LfaWouy1fq8AAAAd/dips-chest-day.gif",
    "id": 251,
    "name": "chest dip",
    "target": "pectorals"
  },
  {
    "bodyPart": "chest",
    "equipment": "body weight",
    "gifUrl": "https://gymvisual.com/img/p/6/3/3/4/6334.gif",
    "id": 1430,
    "name": "chest dip (on dip-pull-up cage)",
    "target": "pectorals"
  },
  {
    "bodyPart": "chest",
    "equipment": "body weight",
    "gifUrl": "https://gymvisual.com/img/p/2/0/8/7/7/20877.gif",
    "id": 2462,
    "name": "chest dip on straight bar",
    "target": "pectorals"
  },
  {
    "bodyPart": "chest",
    "equipment": "stability ball",
    "gifUrl": "https://gymvisual.com/img/p/6/5/3/9/6539.gif",
    "id": 1272,
    "name": "chest stretch with exercise ball",
    "target": "pectorals"
  },
  {
    "bodyPart": "chest",
    "equipment": "body weight",
    "gifUrl": "https://gymvisual.com/img/p/1/2/9/4/0/12940.gif",
    "id": 3216,
    "name": "chest tap push-up (male)",
    "target": "pectorals"
  },
  {
    "bodyPart": "chest",
    "equipment": "body weight",
    "gifUrl": "https://gymvisual.com/img/p/6/5/4/0/6540.gif",
    "id": 1273,
    "name": "clap push up",
    "target": "pectorals"
  },
  {
    "bodyPart": "chest",
    "equipment": "body weight",
    "gifUrl": "https://gymvisual.com/img/p/4/9/9/1/4991.gif",
    "id": 258,
    "name": "clock push-up",
    "target": "pectorals"
  },
  {
    "bodyPart": "chest",
    "equipment": "body weight",
    "gifUrl": "https://gymvisual.com/img/p/1/5/0/7/5/15075.gif",
    "id": 279,
    "name": "decline push-up",
    "target": "pectorals"
  },
  {
    "bodyPart": "chest",
    "equipment": "dumbbell",
    "gifUrl": "https://gymvisual.com/img/p/2/0/2/9/0/20290.gif",
    "id": 1274,
    "name": "deep push up",
    "target": "pectorals"
  },
  {
    "bodyPart": "chest",
    "equipment": "body weight",
    "gifUrl": "https://gymvisual.com/img/p/6/5/7/7/6577.gif",
    "id": 1275,
    "name": "drop push up",
    "target": "pectorals"
  },
  {
    "bodyPart": "chest",
    "equipment": "dumbbell",
    "gifUrl": "https://media1.tenor.com/m/TPJawIY5nMoAAAAC/db-pullover-dumbbell-workout.gif",
    "id": 288,
    "name": "dumbbell around pullover",
    "target": "pectorals"
  },
  {
    "bodyPart": "chest",
    "equipment": "dumbbell",
    "gifUrl": "https://gymvisual.com/img/p/5/0/2/2/5022.gif",
    "id": 289,
    "name": "dumbbell bench press",
    "target": "pectorals"
  },
  {
    "bodyPart": "chest",
    "equipment": "dumbbell",
    "gifUrl": "https://gymvisual.com/img/p/5/0/3/4/5034.gif",
    "id": 301,
    "name": "dumbbell decline bench press",
    "target": "pectorals"
  },
  {
    "bodyPart": "chest",
    "equipment": "dumbbell",
    "gifUrl": "https://gymvisual.com/img/p/2/0/7/3/8/20738.gif",
    "id": 302,
    "name": "dumbbell decline fly",
    "target": "pectorals"
  },
  {
    "bodyPart": "chest",
    "equipment": "dumbbell",
    "gifUrl": "https://gymvisual.com/img/p/5/0/3/6/5036.gif",
    "id": 303,
    "name": "dumbbell decline hammer press",
    "target": "pectorals"
  },
  {
    "bodyPart": "chest",
    "equipment": "dumbbell",
    "gifUrl": "https://gymvisual.com/img/p/6/5/4/3/6543.gif",
    "id": 1276,
    "name": "dumbbell decline one arm fly",
    "target": "pectorals"
  },
  {
    "bodyPart": "chest",
    "equipment": "dumbbell",
    "gifUrl": "https://gymvisual.com/img/p/1/1/6/9/4/11694.gif",
    "id": 307,
    "name": "dumbbell decline twist fly",
    "target": "pectorals"
  },
  {
    "bodyPart": "chest",
    "equipment": "dumbbell",
    "gifUrl": "https://media1.tenor.com/m/aeiQWNFbCL8AAAAd/chest-fly-dumbells.gif",
    "id": 308,
    "name": "dumbbell fly",
    "target": "pectorals"
  },
  {
    "bodyPart": "chest",
    "equipment": "dumbbell",
    "gifUrl": "https://gymvisual.com/img/p/6/5/4/4/6544.gif",
    "id": 1277,
    "name": "dumbbell fly on exercise ball",
    "target": "pectorals"
  },
  {
    "bodyPart": "chest",
    "equipment": "dumbbell",
    "gifUrl": "https://gymvisual.com/img/p/1/4/1/1/4/14114.gif",
    "id": 3545,
    "name": "dumbbell incline alternate press",
    "target": "pectorals"
  },
  {
    "bodyPart": "chest",
    "equipment": "dumbbell",
    "gifUrl": "https://gymvisual.com/img/p/2/0/8/2/3/20823.gif",
    "id": 314,
    "name": "dumbbell incline bench press",
    "target": "pectorals"
  },
  {
    "bodyPart": "chest",
    "equipment": "dumbbell",
    "gifUrl": "https://gymvisual.com/img/p/5/0/5/7/5057.gif",
    "id": 316,
    "name": "dumbbell incline breeding",
    "target": "pectorals"
  },
  {
    "bodyPart": "chest",
    "equipment": "dumbbell",
    "gifUrl": "https://gymvisual.com/img/p/1/0/2/8/1/10281.gif",
    "id": 319,
    "name": "dumbbell incline fly",
    "target": "pectorals"
  },
  {
    "bodyPart": "chest",
    "equipment": "dumbbell",
    "gifUrl": "https://gymvisual.com/img/p/6/5/4/5/6545.gif",
    "id": 1278,
    "name": "dumbbell incline fly on exercise ball",
    "target": "pectorals"
  },
  {
    "bodyPart": "chest",
    "equipment": "dumbbell",
    "gifUrl": "https://gymvisual.com/img/p/5/0/6/2/5062.gif",
    "id": 321,
    "name": "dumbbell incline hammer press",
    "target": "pectorals"
  },
  {
    "bodyPart": "chest",
    "equipment": "dumbbell",
    "gifUrl": "https://gymvisual.com/img/p/6/5/4/6/6546.gif",
    "id": 1279,
    "name": "dumbbell incline one arm fly",
    "target": "pectorals"
  },
  {
    "bodyPart": "chest",
    "equipment": "dumbbell",
    "gifUrl": "https://gymvisual.com/img/p/6/5/4/7/6547.gif",
    "id": 1280,
    "name": "dumbbell incline one arm fly on exercise ball",
    "target": "pectorals"
  },
  {
    "bodyPart": "chest",
    "equipment": "dumbbell",
    "gifUrl": "https://gymvisual.com/img/p/6/5/4/8/6548.gif",
    "id": 1281,
    "name": "dumbbell incline one arm press",
    "target": "pectorals"
  },
  {
    "bodyPart": "chest",
    "equipment": "dumbbell",
    "gifUrl": "https://gymvisual.com/img/p/6/5/4/9/6549.gif",
    "id": 1282,
    "name": "dumbbell incline one arm press on exercise ball",
    "target": "pectorals"
  },
  {
    "bodyPart": "chest",
    "equipment": "dumbbell",
    "gifUrl": "https://gymvisual.com/img/p/5/0/6/5/5065.gif",
    "id": 324,
    "name": "dumbbell incline palm-in press",
    "target": "pectorals"
  },
  {
    "bodyPart": "chest",
    "equipment": "dumbbell",
    "gifUrl": "https://gymvisual.com/img/p/6/5/5/0/6550.gif",
    "id": 1283,
    "name": "dumbbell incline press on exercise ball",
    "target": "pectorals"
  },
  {
    "bodyPart": "chest",
    "equipment": "dumbbell",
    "gifUrl": "https://gymvisual.com/img/p/5/0/6/9/5069.gif",
    "id": 328,
    "name": "dumbbell incline shoulder raise",
    "target": "serratus anterior"
  },
  {
    "bodyPart": "chest",
    "equipment": "dumbbell",
    "gifUrl": "https://gymvisual.com/img/p/5/0/7/2/5072.gif",
    "id": 331,
    "name": "dumbbell incline twisted flyes",
    "target": "pectorals"
  },
  {
    "bodyPart": "chest",
    "equipment": "dumbbell",
    "gifUrl": "https://gymvisual.com/img/p/5/8/7/1/5871.gif",
    "id": 340,
    "name": "dumbbell lying hammer press",
    "target": "pectorals"
  },
  {
    "bodyPart": "chest",
    "equipment": "dumbbell",
    "gifUrl": "https://gymvisual.com/img/p/1/1/7/7/0/11770.gif",
    "id": 343,
    "name": "dumbbell lying one arm press",
    "target": "pectorals"
  },
  {
    "bodyPart": "chest",
    "equipment": "dumbbell",
    "gifUrl": "https://gymvisual.com/img/p/6/5/4/7/6547.gif",
    "id": 342,
    "name": "dumbbell lying one arm press v. 2",
    "target": "pectorals"
  },
  {
    "bodyPart": "chest",
    "equipment": "dumbbell",
    "gifUrl": "https://gymvisual.com/img/p/6/5/5/1/6551.gif",
    "id": 1284,
    "name": "dumbbell lying pullover on exercise ball",
    "target": "pectorals"
  },
  {
    "bodyPart": "chest",
    "equipment": "dumbbell",
    "gifUrl": "https://gymvisual.com/img/p/6/5/4/3/6543.gif",
    "id": 1285,
    "name": "dumbbell one arm bench fly",
    "target": "pectorals"
  },
  {
    "bodyPart": "chest",
    "equipment": "dumbbell",
    "gifUrl": "https://gymvisual.com/img/p/6/5/5/3/6553.gif",
    "id": 1286,
    "name": "dumbbell one arm chest fly on exercise ball",
    "target": "pectorals"
  },
  {
    "bodyPart": "chest",
    "equipment": "dumbbell",
    "gifUrl": "https://gymvisual.com/img/p/6/5/5/4/6554.gif",
    "id": 1287,
    "name": "dumbbell one arm decline chest press",
    "target": "pectorals"
  },
  {
    "bodyPart": "chest",
    "equipment": "dumbbell",
    "gifUrl": "https://gymvisual.com/img/p/6/5/5/5/6555.gif",
    "id": 1288,
    "name": "dumbbell one arm fly on exercise ball",
    "target": "pectorals"
  },
  {
    "bodyPart": "chest",
    "equipment": "dumbbell",
    "gifUrl": "https://gymvisual.com/img/p/6/5/4/8/6548.gif",
    "id": 1289,
    "name": "dumbbell one arm incline chest press",
    "target": "pectorals"
  },
  {
    "bodyPart": "chest",
    "equipment": "dumbbell",
    "gifUrl": "https://gymvisual.com/img/p/6/5/5/7/6557.gif",
    "id": 1290,
    "name": "dumbbell one arm press on exercise ball",
    "target": "pectorals"
  },
  {
    "bodyPart": "chest",
    "equipment": "dumbbell",
    "gifUrl": "https://gymvisual.com/img/p/6/5/5/8/6558.gif",
    "id": 1291,
    "name": "dumbbell one arm pullover on exercise ball",
    "target": "pectorals"
  },
  {
    "bodyPart": "chest",
    "equipment": "dumbbell",
    "gifUrl": "https://gymvisual.com/img/p/7/2/3/6/7236.gif",
    "id": 1622,
    "name": "dumbbell one arm reverse grip press",
    "target": "pectorals"
  },
  {
    "bodyPart": "chest",
    "equipment": "dumbbell",
    "gifUrl": "https://gymvisual.com/img/p/6/5/5/9/6559.gif",
    "id": 1292,
    "name": "dumbbell one leg fly on exercise ball",
    "target": "pectorals"
  },
  {
    "bodyPart": "chest",
    "equipment": "dumbbell",
    "gifUrl": "https://gymvisual.com/img/p/6/5/6/0/6560.gif",
    "id": 1293,
    "name": "dumbbell press on exercise ball",
    "target": "pectorals"
  },
  {
    "bodyPart": "chest",
    "equipment": "dumbbell",
    "gifUrl": "https://media1.tenor.com/m/TPJawIY5nMoAAAAC/db-pullover-dumbbell-workout.gif",
    "id": 375,
    "name": "dumbbell pullover",
    "target": "pectorals"
  },
  {
    "bodyPart": "chest",
    "equipment": "dumbbell",
    "gifUrl": "https://gymvisual.com/img/p/6/5/6/1/6561.gif",
    "id": 1294,
    "name": "dumbbell pullover hip extension on exercise ball",
    "target": "pectorals"
  },
  {
    "bodyPart": "chest",
    "equipment": "dumbbell",
    "gifUrl": "https://gymvisual.com/img/p/6/5/6/2/6562.gif",
    "id": 1295,
    "name": "dumbbell pullover on exercise ball",
    "target": "pectorals"
  },
  {
    "bodyPart": "chest",
    "equipment": "dumbbell",
    "gifUrl": "https://gymvisual.com/img/p/7/2/3/8/7238.gif",
    "id": 1624,
    "name": "dumbbell reverse bench press",
    "target": "pectorals"
  },
  {
    "bodyPart": "chest",
    "equipment": "dumbbell",
    "gifUrl": "https://gymvisual.com/img/p/1/0/2/8/8/10288.gif",
    "id": 433,
    "name": "dumbbell straight arm pullover",
    "target": "pectorals"
  },
  {
    "bodyPart": "chest",
    "equipment": "body weight",
    "gifUrl": "https://gymvisual.com/img/p/5/8/6/3/5863.gif",
    "id": 1167,
    "name": "dynamic chest stretch (male)",
    "target": "pectorals"
  },
  {
    "bodyPart": "chest",
    "equipment": "stability ball",
    "gifUrl": "https://gymvisual.com/img/p/6/5/6/3/6563.gif",
    "id": 1296,
    "name": "exercise ball pike push up",
    "target": "pectorals"
  },
  {
    "bodyPart": "chest",
    "equipment": "barbell",
    "gifUrl": "https://gymvisual.com/img/p/5/1/9/9/5199.gif",
    "id": 458,
    "name": "floor fly (with barbell)",
    "target": "pectorals"
  },
  {
    "bodyPart": "chest",
    "equipment": "body weight",
    "gifUrl": "https://gymvisual.com/img/p/1/3/2/7/0/13270.gif",
    "id": 3327,
    "name": "full planche push-up",
    "target": "pectorals"
  },
  {
    "bodyPart": "chest",
    "equipment": "upper body ergometer",
    "gifUrl": "https://gymvisual.com/img/p/8/7/6/0/8760.gif",
    "id": 2139,
    "name": "hands bike",
    "target": "pectorals"
  },
  {
    "bodyPart": "chest",
    "equipment": "dumbbell",
    "gifUrl": "https://gymvisual.com/img/p/1/2/9/8/4/12984.gif",
    "id": 3234,
    "name": "hyght dumbbell fly",
    "target": "pectorals"
  },
  {
    "bodyPart": "chest",
    "equipment": "body weight",
    "gifUrl": "https://gymvisual.com/img/p/5/2/3/1/5231.gif",
    "id": 492,
    "name": "incline push up depth jump",
    "target": "pectorals"
  },
  {
    "bodyPart": "chest",
    "equipment": "body weight",
    "gifUrl": "https://gymvisual.com/img/p/5/2/3/2/5232.gif",
    "id": 493,
    "name": "incline push-up",
    "target": "pectorals"
  },
  {
    "bodyPart": "chest",
    "equipment": "body weight",
    "gifUrl": "https://gymvisual.com/img/p/1/6/7/7/9/16779.gif",
    "id": 3785,
    "name": "incline push-up (on box)",
    "target": "pectorals"
  },
  {
    "bodyPart": "chest",
    "equipment": "body weight",
    "gifUrl": "https://gymvisual.com/img/p/5/2/3/3/5233.gif",
    "id": 494,
    "name": "incline reverse grip push-up",
    "target": "pectorals"
  },
  {
    "bodyPart": "chest",
    "equipment": "body weight",
    "gifUrl": "https://gymvisual.com/img/p/1/2/4/4/2/12442.gif",
    "id": 3011,
    "name": "incline scapula push up",
    "target": "serratus anterior"
  },
  {
    "bodyPart": "chest",
    "equipment": "body weight",
    "gifUrl": "https://gymvisual.com/img/p/6/5/6/4/6564.gif",
    "id": 1297,
    "name": "isometric chest squeeze",
    "target": "pectorals"
  },
  {
    "bodyPart": "chest",
    "equipment": "body weight",
    "gifUrl": "https://gymvisual.com/img/p/5/2/3/9/5239.gif",
    "id": 500,
    "name": "isometric wipers",
    "target": "pectorals"
  },
  {
    "bodyPart": "chest",
    "equipment": "kettlebell",
    "gifUrl": "https://gymvisual.com/img/p/5/2/5/7/5257.gif",
    "id": 519,
    "name": "kettlebell alternating press on floor",
    "target": "pectorals"
  },
  {
    "bodyPart": "chest",
    "equipment": "kettlebell",
    "gifUrl": "https://gymvisual.com/img/p/5/2/6/9/5269.gif",
    "id": 531,
    "name": "kettlebell extended range one arm press on floor",
    "target": "pectorals"
  },
  {
    "bodyPart": "chest",
    "equipment": "kettlebell",
    "gifUrl": "https://gymvisual.com/img/p/6/5/6/5/6565.gif",
    "id": 1298,
    "name": "kettlebell one arm floor press",
    "target": "pectorals"
  },
  {
    "bodyPart": "chest",
    "equipment": "kettlebell",
    "gifUrl": "https://gymvisual.com/img/p/5/2/8/3/5283.gif",
    "id": 545,
    "name": "kettlebell plyo push-up",
    "target": "pectorals"
  },
  {
    "bodyPart": "chest",
    "equipment": "body weight",
    "gifUrl": "https://gymvisual.com/img/p/1/2/9/3/5/12935.gif",
    "id": 3211,
    "name": "kneeling push-up (male)",
    "target": "pectorals"
  },
  {
    "bodyPart": "chest",
    "equipment": "body weight",
    "gifUrl": "https://gymvisual.com/img/p/1/3/1/3/7/13137.gif",
    "id": 3288,
    "name": "korean dips",
    "target": "pectorals"
  },
  {
    "bodyPart": "chest",
    "equipment": "leverage machine",
    "gifUrl": "https://gymvisual.com/img/p/6/3/6/2/6362.gif",
    "id": 577,
    "name": "lever chest press",
    "target": "pectorals"
  },
  {
    "bodyPart": "chest",
    "equipment": "leverage machine",
    "gifUrl": "https://gymvisual.com/img/p/6/3/6/2/6362.gif",
    "id": 576,
    "name": "lever chest press",
    "target": "pectorals"
  },
  {
    "bodyPart": "chest",
    "equipment": "leverage machine",
    "gifUrl": "https://gymvisual.com/img/p/6/3/6/2/6362.gif",
    "id": 1455,
    "name": "lever chest press v. 2",
    "target": "pectorals"
  },
  {
    "bodyPart": "chest",
    "equipment": "leverage machine",
    "gifUrl": "https://gymvisual.com/img/p/6/5/6/7/6567.gif",
    "id": 1300,
    "name": "lever decline chest press",
    "target": "pectorals"
  },
  {
    "bodyPart": "chest",
    "equipment": "leverage machine",
    "gifUrl": "https://gymvisual.com/img/p/6/7/1/4/6714.gif",
    "id": 1299,
    "name": "lever incline chest press",
    "target": "pectorals"
  },
  {
    "bodyPart": "chest",
    "equipment": "leverage machine",
    "gifUrl": "https://gymvisual.com/img/p/6/3/6/2/6362.gif",
    "id": 1479,
    "name": "lever incline chest press v. 2",
    "target": "pectorals"
  },
  {
    "bodyPart": "chest",
    "equipment": "leverage machine",
    "gifUrl": "https://gymvisual.com/img/p/5/3/3/3/5333.gif",
    "id": 596,
    "name": "lever seated fly",
    "target": "pectorals"
  },
  {
    "bodyPart": "chest",
    "equipment": "leverage machine",
    "gifUrl": "https://gymvisual.com/img/p/1/6/6/7/8/16678.gif",
    "id": 3758,
    "name": "lever standing chest press",
    "target": "pectorals"
  },
  {
    "bodyPart": "chest",
    "equipment": "leverage machine",
    "gifUrl": "https://gymvisual.com/img/p/6/5/6/8/6568.gif",
    "id": 1301,
    "name": "machine inner chest press",
    "target": "pectorals"
  },
  {
    "bodyPart": "chest",
    "equipment": "medicine ball",
    "gifUrl": "https://gymvisual.com/img/p/6/5/6/9/6569.gif",
    "id": 1302,
    "name": "medicine ball chest pass",
    "target": "pectorals"
  },
  {
    "bodyPart": "chest",
    "equipment": "medicine ball",
    "gifUrl": "https://gymvisual.com/img/p/6/5/7/0/6570.gif",
    "id": 1303,
    "name": "medicine ball chest push from 3 point stance",
    "target": "pectorals"
  },
  {
    "bodyPart": "chest",
    "equipment": "medicine ball",
    "gifUrl": "https://gymvisual.com/img/p/6/5/7/1/6571.gif",
    "id": 1304,
    "name": "medicine ball chest push multiple response",
    "target": "pectorals"
  },
  {
    "bodyPart": "chest",
    "equipment": "medicine ball",
    "gifUrl": "https://gymvisual.com/img/p/6/5/7/2/6572.gif",
    "id": 1305,
    "name": "medicine ball chest push single response",
    "target": "pectorals"
  },
  {
    "bodyPart": "chest",
    "equipment": "medicine ball",
    "gifUrl": "https://gymvisual.com/img/p/6/5/7/9/6579.gif",
    "id": 1312,
    "name": "medicine ball chest push with run release",
    "target": "pectorals"
  },
  {
    "bodyPart": "chest",
    "equipment": "body weight",
    "gifUrl": "https://gymvisual.com/img/p/1/2/9/4/1/12941.gif",
    "id": 3217,
    "name": "modified hindu push-up (male)",
    "target": "pectorals"
  },
  {
    "bodyPart": "chest",
    "equipment": "body weight",
    "gifUrl": "https://gymvisual.com/img/p/6/5/7/3/6573.gif",
    "id": 1306,
    "name": "plyo push up",
    "target": "pectorals"
  },
  {
    "bodyPart": "chest",
    "equipment": "body weight",
    "gifUrl": "https://gymvisual.com/img/p/7/4/0/7/7407.gif",
    "id": 1689,
    "name": "push and pull bodyweight",
    "target": "pectorals"
  },
  {
    "bodyPart": "chest",
    "equipment": "bosu ball",
    "gifUrl": "https://gymvisual.com/img/p/6/5/7/4/6574.gif",
    "id": 1307,
    "name": "push up on bosu ball",
    "target": "pectorals"
  },
  {
    "bodyPart": "chest",
    "equipment": "body weight",
    "gifUrl": "https://media.tenor.com/WkfJelsEsU0AAAAM/captain-america-push-up.gif",
    "id": 662,
    "name": "push-up",
    "target": "pectorals"
  },
  {
    "bodyPart": "chest",
    "equipment": "bosu ball",
    "gifUrl": "https://gymvisual.com/img/p/6/5/7/4/6574.gif",
    "id": 653,
    "name": "push-up (bosu ball)",
    "target": "pectorals"
  },
  {
    "bodyPart": "chest",
    "equipment": "stability ball",
    "gifUrl": "https://gymvisual.com/img/p/5/3/8/9/5389.gif",
    "id": 655,
    "name": "push-up (on stability ball)",
    "target": "pectorals"
  },
  {
    "bodyPart": "chest",
    "equipment": "body weight",
    "gifUrl": "https://gymvisual.com/img/p/5/3/9/3/5393.gif",
    "id": 659,
    "name": "push-up (wall)",
    "target": "pectorals"
  },
  {
    "bodyPart": "chest",
    "equipment": "body weight",
    "gifUrl": "https://gymvisual.com/img/p/5/3/9/2/5392.gif",
    "id": 658,
    "name": "push-up (wall) v. 2",
    "target": "pectorals"
  },
  {
    "bodyPart": "chest",
    "equipment": "medicine ball",
    "gifUrl": "https://gymvisual.com/img/p/5/3/9/7/5397.gif",
    "id": 663,
    "name": "push-up medicine ball",
    "target": "pectorals"
  },
  {
    "bodyPart": "chest",
    "equipment": "body weight",
    "gifUrl": "https://media.tenor.com/WkfJelsEsU0AAAAM/captain-america-push-up.gif",
    "id": 3145,
    "name": "push-up plus",
    "target": "pectorals"
  },
  {
    "bodyPart": "chest",
    "equipment": "body weight",
    "gifUrl": "https://gymvisual.com/img/p/5/4/0/0/5400.gif",
    "id": 666,
    "name": "raise single arm push-up",
    "target": "pectorals"
  },
  {
    "bodyPart": "chest",
    "equipment": "resistance band",
    "gifUrl": "https://gymvisual.com/img/p/1/2/5/1/9/12519.gif",
    "id": 3124,
    "name": "resistance band seated chest press",
    "target": "pectorals"
  },
  {
    "bodyPart": "chest",
    "equipment": "roller",
    "gifUrl": "https://gymvisual.com/img/p/9/3/1/3/9313.gif",
    "id": 2203,
    "name": "roller seated shoulder flexor depresor retractor",
    "target": "pectorals"
  },
  {
    "bodyPart": "chest",
    "equipment": "roller",
    "gifUrl": "https://gymvisual.com/img/p/1/4/8/5/5/14855.gif",
    "id": 2209,
    "name": "roller seated single leg shoulder flexor depresor retractor",
    "target": "pectorals"
  },
  {
    "bodyPart": "chest",
    "equipment": "body weight",
    "gifUrl": "https://gymvisual.com/img/p/1/2/4/5/1/12451.gif",
    "id": 3021,
    "name": "scapula push-up",
    "target": "serratus anterior"
  },
  {
    "bodyPart": "chest",
    "equipment": "body weight",
    "gifUrl": "https://gymvisual.com/img/p/5/4/3/1/5431.gif",
    "id": 699,
    "name": "shoulder tap push-up",
    "target": "pectorals"
  },
  {
    "bodyPart": "chest",
    "equipment": "body weight",
    "gifUrl": "https://gymvisual.com/img/p/5/4/5/2/5452.gif",
    "id": 725,
    "name": "single arm push-up",
    "target": "pectorals"
  },
  {
    "bodyPart": "chest",
    "equipment": "smith machine",
    "gifUrl": "https://gymvisual.com/img/p/1/4/1/6/5/14165.gif",
    "id": 748,
    "name": "smith bench press",
    "target": "pectorals"
  },
  {
    "bodyPart": "chest",
    "equipment": "smith machine",
    "gifUrl": "https://gymvisual.com/img/p/7/2/3/9/7239.gif",
    "id": 753,
    "name": "smith decline bench press",
    "target": "pectorals"
  },
  {
    "bodyPart": "chest",
    "equipment": "smith machine",
    "gifUrl": "https://gymvisual.com/img/p/5/4/7/8/5478.gif",
    "id": 754,
    "name": "smith decline reverse-grip press",
    "target": "pectorals"
  },
  {
    "bodyPart": "chest",
    "equipment": "smith machine",
    "gifUrl": "https://gymvisual.com/img/p/1/4/1/6/5/14165.gif",
    "id": 757,
    "name": "smith incline bench press",
    "target": "pectorals"
  },
  {
    "bodyPart": "chest",
    "equipment": "smith machine",
    "gifUrl": "https://gymvisual.com/img/p/5/4/8/2/5482.gif",
    "id": 758,
    "name": "smith incline reverse-grip press",
    "target": "pectorals"
  },
  {
    "bodyPart": "chest",
    "equipment": "smith machine",
    "gifUrl": "https://gymvisual.com/img/p/5/4/8/3/5483.gif",
    "id": 759,
    "name": "smith incline shoulder raises",
    "target": "serratus anterior"
  },
  {
    "bodyPart": "chest",
    "equipment": "smith machine",
    "gifUrl": "https://gymvisual.com/img/p/7/2/4/0/7240.gif",
    "id": 1626,
    "name": "smith machine reverse decline close grip bench press",
    "target": "pectorals"
  },
  {
    "bodyPart": "chest",
    "equipment": "smith machine",
    "gifUrl": "https://gymvisual.com/img/p/5/4/8/8/5488.gif",
    "id": 764,
    "name": "smith reverse-grip press",
    "target": "pectorals"
  },
  {
    "bodyPart": "chest",
    "equipment": "smith machine",
    "gifUrl": "https://gymvisual.com/img/p/6/5/7/5/6575.gif",
    "id": 1308,
    "name": "smith wide grip bench press",
    "target": "pectorals"
  },
  {
    "bodyPart": "chest",
    "equipment": "smith machine",
    "gifUrl": "https://gymvisual.com/img/p/6/5/7/6/6576.gif",
    "id": 1309,
    "name": "smith wide grip decline bench press",
    "target": "pectorals"
  },
  {
    "bodyPart": "chest",
    "equipment": "body weight",
    "gifUrl": "https://gymvisual.com/img/p/2/0/2/8/7/20287.gif",
    "id": 803,
    "name": "superman push-up",
    "target": "pectorals"
  },
  {
    "bodyPart": "chest",
    "equipment": "body weight",
    "gifUrl": "https://gymvisual.com/img/p/5/5/2/9/5529.gif",
    "id": 806,
    "name": "suspended push-up",
    "target": "pectorals"
  },
  {
    "bodyPart": "chest",
    "equipment": "weighted",
    "gifUrl": "https://gymvisual.com/img/p/6/5/7/7/6577.gif",
    "id": 1310,
    "name": "weighted drop push up",
    "target": "pectorals"
  },
  {
    "bodyPart": "chest",
    "equipment": "weighted",
    "gifUrl": "https://gymvisual.com/img/p/1/3/2/0/1/13201.gif",
    "id": 3313,
    "name": "weighted straight bar dip",
    "target": "pectorals"
  },
  {
    "bodyPart": "chest",
    "equipment": "weighted",
    "gifUrl": "https://gymvisual.com/img/p/5/5/7/8/5578.gif",
    "id": 856,
    "name": "weighted svend press",
    "target": "pectorals"
  },
  {
    "bodyPart": "chest",
    "equipment": "body weight",
    "gifUrl": "https://gymvisual.com/img/p/6/5/7/8/6578.gif",
    "id": 1311,
    "name": "wide hand push up",
    "target": "pectorals"
  },
  {
    "bodyPart": "chest",
    "equipment": "body weight",
    "gifUrl": "https://gymvisual.com/img/p/1/0/2/8/6/10286.gif",
    "id": 2363,
    "name": "wide-grip chest dip on high parallel bars",
    "target": "pectorals"
  }
]