[
  {
    "bodyPart": "lower arms",
    "equipment": "band",
    "gifUrl": "https://gymvisual.com/img/p/5/7/0/7/5707.gif",
    "id": 994,
    "name": "band reverse wrist curl",
    "target": "forearms"
  },
  {
    "bodyPart": "lower arms",
    "equipment": "band",
    "gifUrl": "https://gymvisual.com/img/p/5/7/2/9/5729.gif",
    "id": 1016,
    "name": "band wrist curl",
    "target": "forearms"
  },
  {
    "bodyPart": "lower arms",
    "equipment": "barbell",
    "gifUrl": "https://gymvisual.com/img/p/6/6/7/2/6672.gif",
    "id": 1411,
    "name": "barbell palms down wrist curl over a bench",
    "target": "forearms"
  },
  {
    "bodyPart": "lower arms",
    "equipment": "barbell",
    "gifUrl": "https://gymvisual.com/img/p/6/6/7/2/6672.gif",
    "id": 1412,
    "name": "barbell palms up wrist curl over a bench",
    "target": "forearms"
  },
  {
    "bodyPart": "lower arms",
    "equipment": "barbell",
    "gifUrl": "https://gymvisual.com/img/p/2/8/1/6/4/28164.gif",
    "id": 79,
    "name": "barbell revers wrist curl v. 2",
    "target": "forearms"
  },
  {
    "bodyPart": "lower arms",
    "equipment": "barbell",
    "gifUrl": "https://gymvisual.com/img/p/4/8/1/6/4816.gif",
    "id": 82,
    "name": "barbell reverse wrist curl",
    "target": "forearms"
  },
  {
    "bodyPart": "lower arms",
    "equipment": "barbell",
    "gifUrl": "https://gymvisual.com/img/p/2/8/1/7/0/28170.gif",
    "id": 104,
    "name": "barbell standing back wrist curl",
    "target": "forearms"
  },
  {
    "bodyPart": "lower arms",
    "equipment": "barbell",
    "gifUrl": "https://gymvisual.com/img/p/4/8/6/4/4864.gif",
    "id": 126,
    "name": "barbell wrist curl",
    "target": "forearms"
  },
  {
    "bodyPart": "lower arms",
    "equipment": "barbell",
    "gifUrl": "https://gymvisual.com/img/p/2/8/1/7/4/28174.gif",
    "id": 125,
    "name": "barbell wrist curl v. 2",
    "target": "forearms"
  },
  {
    "bodyPart": "lower arms",
    "equipment": "cable",
    "gifUrl": "https://gymvisual.com/img/p/2/8/0/5/8/28058.gif",
    "id": 210,
    "name": "cable reverse wrist curl",
    "target": "forearms"
  },
  {
    "bodyPart": "lower arms",
    "equipment": "cable",
    "gifUrl": "https://gymvisual.com/img/p/2/8/2/6/5/28265.gif",
    "id": 224,
    "name": "cable standing back wrist curl",
    "target": "forearms"
  },
  {
    "bodyPart": "lower arms",
    "equipment": "cable",
    "gifUrl": "https://gymvisual.com/img/p/1/8/6/2/5/18625.gif",
    "id": 247,
    "name": "cable wrist curl",
    "target": "forearms"
  },
  {
    "bodyPart": "lower arms",
    "equipment": "dumbbell",
    "gifUrl": "https://gymvisual.com/img/p/6/3/4/1/6341.gif",
    "id": 1437,
    "name": "dumbbell finger curls",
    "target": "forearms"
  },
  {
    "bodyPart": "lower arms",
    "equipment": "dumbbell",
    "gifUrl": "https://gymvisual.com/img/p/5/0/8/8/5088.gif",
    "id": 347,
    "name": "dumbbell lying pronation",
    "target": "forearms"
  },
  {
    "bodyPart": "lower arms",
    "equipment": "dumbbell",
    "gifUrl": "https://gymvisual.com/img/p/1/1/8/6/0/11860.gif",
    "id": 2705,
    "name": "dumbbell lying pronation on floor",
    "target": "forearms"
  },
  {
    "bodyPart": "lower arms",
    "equipment": "dumbbell",
    "gifUrl": "https://gymvisual.com/img/p/5/0/9/0/5090.gif",
    "id": 349,
    "name": "dumbbell lying supination",
    "target": "forearms"
  },
  {
    "bodyPart": "lower arms",
    "equipment": "dumbbell",
    "gifUrl": "https://gymvisual.com/img/p/1/1/8/6/1/11861.gif",
    "id": 2706,
    "name": "dumbbell lying supination on floor",
    "target": "forearms"
  },
  {
    "bodyPart": "lower arms",
    "equipment": "dumbbell",
    "gifUrl": "https://gymvisual.com/img/p/6/3/4/5/6345.gif",
    "id": 358,
    "name": "dumbbell one arm revers wrist curl",
    "target": "forearms"
  },
  {
    "bodyPart": "lower arms",
    "equipment": "dumbbell",
    "gifUrl": "https://gymvisual.com/img/p/6/6/7/6/6676.gif",
    "id": 1415,
    "name": "dumbbell one arm seated neutral wrist curl",
    "target": "forearms"
  },
  {
    "bodyPart": "lower arms",
    "equipment": "dumbbell",
    "gifUrl": "https://gymvisual.com/img/p/1/3/1/1/7/13117.gif",
    "id": 364,
    "name": "dumbbell one arm wrist curl",
    "target": "forearms"
  },
  {
    "bodyPart": "lower arms",
    "equipment": "dumbbell",
    "gifUrl": "https://gymvisual.com/img/p/6/3/4/5/6345.gif",
    "id": 1441,
    "name": "dumbbell over bench one arm reverse wrist curl",
    "target": "forearms"
  },
  {
    "bodyPart": "lower arms",
    "equipment": "dumbbell",
    "gifUrl": "https://gymvisual.com/img/p/5/1/0/8/5108.gif",
    "id": 367,
    "name": "dumbbell over bench one arm wrist curl",
    "target": "forearms"
  },
  {
    "bodyPart": "lower arms",
    "equipment": "dumbbell",
    "gifUrl": "https://gymvisual.com/img/p/6/3/4/5/6345.gif",
    "id": 368,
    "name": "dumbbell over bench revers wrist curl",
    "target": "forearms"
  },
  {
    "bodyPart": "lower arms",
    "equipment": "dumbbell",
    "gifUrl": "https://gymvisual.com/img/p/5/1/1/0/5110.gif",
    "id": 369,
    "name": "dumbbell over bench wrist curl",
    "target": "forearms"
  },
  {
    "bodyPart": "lower arms",
    "equipment": "dumbbell",
    "gifUrl": "https://gymvisual.com/img/p/6/3/4/5/6345.gif",
    "id": 385,
    "name": "dumbbell reverse wrist curl",
    "target": "forearms"
  },
  {
    "bodyPart": "lower arms",
    "equipment": "dumbbell",
    "gifUrl": "https://gymvisual.com/img/p/5/1/4/0/5140.gif",
    "id": 399,
    "name": "dumbbell seated one arm rotate",
    "target": "forearms"
  },
  {
    "bodyPart": "lower arms",
    "equipment": "dumbbell",
    "gifUrl": "https://gymvisual.com/img/p/5/1/4/2/5142.gif",
    "id": 401,
    "name": "dumbbell seated palms up wrist curl",
    "target": "forearms"
  },
  {
    "bodyPart": "lower arms",
    "equipment": "barbell",
    "gifUrl": "https://gymvisual.com/img/p/6/3/4/1/6341.gif",
    "id": 455,
    "name": "finger curls",
    "target": "forearms"
  },
  {
    "bodyPart": "lower arms",
    "equipment": "kettlebell",
    "gifUrl": "https://gymvisual.com/img/p/5/2/5/6/5256.gif",
    "id": 518,
    "name": "kettlebell alternating hang clean",
    "target": "forearms"
  },
  {
    "bodyPart": "lower arms",
    "equipment": "leverage machine",
    "gifUrl": "https://gymvisual.com/img/p/9/4/2/5/9425.gif",
    "id": 2288,
    "name": "lever gripper hands",
    "target": "forearms"
  },
  {
    "bodyPart": "lower arms",
    "equipment": "body weight",
    "gifUrl": "https://media.tenor.com/WkfJelsEsU0AAAAM/captain-america-push-up.gif",
    "id": 1421,
    "name": "modified push up to lower arms",
    "target": "forearms"
  },
  {
    "bodyPart": "lower arms",
    "equipment": "body weight",
    "gifUrl": "https://gymvisual.com/img/p/5/4/4/8/5448.gif",
    "id": 721,
    "name": "side wrist pull stretch",
    "target": "forearms"
  },
  {
    "bodyPart": "lower arms",
    "equipment": "smith machine",
    "gifUrl": "https://gymvisual.com/img/p/6/6/8/7/6687.gif",
    "id": 1426,
    "name": "smith seated wrist curl",
    "target": "forearms"
  },
  {
    "bodyPart": "lower arms",
    "equipment": "smith machine",
    "gifUrl": "https://gymvisual.com/img/p/5/4/9/5/5495.gif",
    "id": 771,
    "name": "smith standing back wrist curl",
    "target": "forearms"
  },
  {
    "bodyPart": "lower arms",
    "equipment": "weighted",
    "gifUrl": "https://gymvisual.com/img/p/5/5/7/6/5576.gif",
    "id": 854,
    "name": "weighted standing hand squeeze",
    "target": "forearms"
  },
  {
    "bodyPart": "lower arms",
    "equipment": "body weight",
    "gifUrl": "https://gymvisual.com/img/p/3/2/2/6/4/32264.gif",
    "id": 1428,
    "name": "wrist circles",
    "target": "forearms"
  },
  {
    "bodyPart": "lower arms",
    "equipment": "weighted",
    "gifUrl": "https://gymvisual.com/img/p/5/5/8/1/5581.gif",
    "id": 859,
    "name": "wrist rollerer",
    "target": "forearms"
  }
]