[
  {
    "bodyPart": "upper legs",
    "equipment": "body weight",
    "gifUrl": "https://gymvisual.com/img/p/6/9/7/9/6979.gif",
    "id": 1512,
    "name": "all fours squad stretch",
    "target": "quads"
  },
  {
    "bodyPart": "upper legs",
    "equipment": "body weight",
    "gifUrl": "https://gymvisual.com/img/p/1/2/9/3/8/12938.gif",
    "id": 3214,
    "name": "arms apart circular toe touch (male)",
    "target": "glutes"
  },
  {
    "bodyPart": "upper legs",
    "equipment": "assisted",
    "gifUrl": "https://gymvisual.com/img/p/7/4/2/4/7424.gif",
    "id": 1709,
    "name": "assisted lying glutes stretch",
    "target": "glutes"
  },
  {
    "bodyPart": "upper legs",
    "equipment": "assisted",
    "gifUrl": "https://gymvisual.com/img/p/7/4/2/5/7425.gif",
    "id": 1710,
    "name": "assisted lying gluteus and piriformis stretch",
    "target": "glutes"
  },
  {
    "bodyPart": "upper legs",
    "equipment": "assisted",
    "gifUrl": "https://gymvisual.com/img/p/4/7/4/7/4747.gif",
    "id": 16,
    "name": "assisted prone hamstring",
    "target": "hamstrings"
  },
  {
    "bodyPart": "upper legs",
    "equipment": "assisted",
    "gifUrl": "https://gymvisual.com/img/p/7/4/2/7/7427.gif",
    "id": 1713,
    "name": "assisted prone lying quads stretch",
    "target": "quads"
  },
  {
    "bodyPart": "upper legs",
    "equipment": "assisted",
    "gifUrl": "https://gymvisual.com/img/p/7/4/2/6/7426.gif",
    "id": 1712,
    "name": "assisted side lying adductor stretch",
    "target": "adductors"
  },
  {
    "bodyPart": "upper legs",
    "equipment": "body weight",
    "gifUrl": "https://gymvisual.com/img/p/6/7/0/8/6708.gif",
    "id": 1473,
    "name": "backward jump",
    "target": "quads"
  },
  {
    "bodyPart": "upper legs",
    "equipment": "body weight",
    "gifUrl": "https://gymvisual.com/img/p/4/7/5/1/4751.gif",
    "id": 20,
    "name": "balance board",
    "target": "quads"
  },
  {
    "bodyPart": "upper legs",
    "equipment": "band",
    "gifUrl": "https://gymvisual.com/img/p/5/6/9/3/5693.gif",
    "id": 980,
    "name": "band bent-over hip extension",
    "target": "glutes"
  },
  {
    "bodyPart": "upper legs",
    "equipment": "band",
    "gifUrl": "https://gymvisual.com/img/p/6/6/6/9/6669.gif",
    "id": 1408,
    "name": "band hip lift",
    "target": "glutes"
  },
  {
    "bodyPart": "upper legs",
    "equipment": "band",
    "gifUrl": "https://gymvisual.com/img/p/1/4/8/6/8/14868.gif",
    "id": 984,
    "name": "band lying hip internal rotation",
    "target": "glutes"
  },
  {
    "bodyPart": "upper legs",
    "equipment": "band",
    "gifUrl": "https://gymvisual.com/img/p/5/7/0/0/5700.gif",
    "id": 987,
    "name": "band one arm single leg split squat",
    "target": "quads"
  },
  {
    "bodyPart": "upper legs",
    "equipment": "band",
    "gifUrl": "https://gymvisual.com/img/p/5/7/0/4/5704.gif",
    "id": 991,
    "name": "band pull through",
    "target": "glutes"
  },
  {
    "bodyPart": "upper legs",
    "equipment": "band",
    "gifUrl": "https://gymvisual.com/img/p/5/7/1/9/5719.gif",
    "id": 996,
    "name": "band seated hip internal rotation",
    "target": "glutes"
  },
  {
    "bodyPart": "upper legs",
    "equipment": "band",
    "gifUrl": "https://gymvisual.com/img/p/5/7/1/4/5714.gif",
    "id": 1001,
    "name": "band single leg split squat",
    "target": "quads"
  },
  {
    "bodyPart": "upper legs",
    "equipment": "band",
    "gifUrl": "https://gymvisual.com/img/p/5/7/1/7/5717.gif",
    "id": 1004,
    "name": "band squat",
    "target": "glutes"
  },
  {
    "bodyPart": "upper legs",
    "equipment": "band",
    "gifUrl": "https://gymvisual.com/img/p/5/7/1/6/5716.gif",
    "id": 1003,
    "name": "band squat row",
    "target": "glutes"
  },
  {
    "bodyPart": "upper legs",
    "equipment": "band",
    "gifUrl": "https://gymvisual.com/img/p/5/7/2/1/5721.gif",
    "id": 1008,
    "name": "band step-up",
    "target": "glutes"
  },
  {
    "bodyPart": "upper legs",
    "equipment": "band",
    "gifUrl": "https://gymvisual.com/img/p/5/7/2/2/5722.gif",
    "id": 1009,
    "name": "band stiff leg deadlift",
    "target": "glutes"
  },
  {
    "bodyPart": "upper legs",
    "equipment": "band",
    "gifUrl": "https://gymvisual.com/img/p/5/7/3/6/5736.gif",
    "id": 1023,
    "name": "band straight back stiff leg deadlift",
    "target": "glutes"
  },
  {
    "bodyPart": "upper legs",
    "equipment": "barbell",
    "gifUrl": "https://gymvisual.com/img/p/4/7/5/5/4755.gif",
    "id": 24,
    "name": "barbell bench front squat",
    "target": "quads"
  },
  {
    "bodyPart": "upper legs",
    "equipment": "barbell",
    "gifUrl": "https://gymvisual.com/img/p/3/0/2/2/5/30225.gif",
    "id": 26,
    "name": "barbell bench squat",
    "target": "quads"
  },
  {
    "bodyPart": "upper legs",
    "equipment": "barbell",
    "gifUrl": "https://gymvisual.com/img/p/4/7/5/9/4759.gif",
    "id": 28,
    "name": "barbell clean and press",
    "target": "quads"
  },
  {
    "bodyPart": "upper legs",
    "equipment": "barbell",
    "gifUrl": "https://gymvisual.com/img/p/2/4/4/5/2/24452.gif",
    "id": 29,
    "name": "barbell clean-grip front squat",
    "target": "glutes"
  },
  {
    "bodyPart": "upper legs",
    "equipment": "barbell",
    "gifUrl": "https://media.tenor.com/518P-3YD5ugAAAAM/light-weight.gif",
    "id": 32,
    "name": "barbell deadlift",
    "target": "glutes"
  },
  {
    "bodyPart": "upper legs",
    "equipment": "barbell",
    "gifUrl": "https://gymvisual.com/img/p/4/7/7/0/4770.gif",
    "id": 39,
    "name": "barbell front chest squat",
    "target": "glutes"
  },
  {
    "bodyPart": "upper legs",
    "equipment": "barbell",
    "gifUrl": "https://gymvisual.com/img/p/1/0/6/1/8/10618.gif",
    "id": 42,
    "name": "barbell front squat",
    "target": "glutes"
  },
  {
    "bodyPart": "upper legs",
    "equipment": "barbell",
    "gifUrl": "https://gymvisual.com/img/p/4/7/7/4/4774.gif",
    "id": 43,
    "name": "barbell full squat",
    "target": "glutes"
  },
  {
    "bodyPart": "upper legs",
    "equipment": "barbell",
    "gifUrl": "https://gymvisual.com/img/p/6/6/9/6/6696.gif",
    "id": 1461,
    "name": "barbell full squat (back pov)",
    "target": "glutes"
  },
  {
    "bodyPart": "upper legs",
    "equipment": "barbell",
    "gifUrl": "https://gymvisual.com/img/p/6/6/9/7/6697.gif",
    "id": 1462,
    "name": "barbell full squat (side pov)",
    "target": "glutes"
  },
  {
    "bodyPart": "upper legs",
    "equipment": "barbell",
    "gifUrl": "https://gymvisual.com/img/p/1/0/0/9/3/10093.gif",
    "id": 1545,
    "name": "barbell full zercher squat",
    "target": "glutes"
  },
  {
    "bodyPart": "upper legs",
    "equipment": "barbell",
    "gifUrl": "https://media1.tenor.com/m/i5B_Un9s7woAAAAC/glute-bridge-exercise.gif",
    "id": 1409,
    "name": "barbell glute bridge",
    "target": "glutes"
  },
  {
    "bodyPart": "upper legs",
    "equipment": "barbell",
    "gifUrl": "https://gymvisual.com/img/p/1/4/1/5/8/14158.gif",
    "id": 3562,
    "name": "barbell glute bridge two legs on bench (male)",
    "target": "glutes"
  },
  {
    "bodyPart": "upper legs",
    "equipment": "barbell",
    "gifUrl": "https://gymvisual.com/img/p/4/7/7/5/4775.gif",
    "id": 44,
    "name": "barbell good morning",
    "target": "hamstrings"
  },
  {
    "bodyPart": "upper legs",
    "equipment": "barbell",
    "gifUrl": "https://gymvisual.com/img/p/4/7/7/7/4777.gif",
    "id": 46,
    "name": "barbell hack squat",
    "target": "glutes"
  },
  {
    "bodyPart": "upper legs",
    "equipment": "barbell",
    "gifUrl": "https://gymvisual.com/img/p/6/3/4/0/6340.gif",
    "id": 1436,
    "name": "barbell high bar squat",
    "target": "glutes"
  },
  {
    "bodyPart": "upper legs",
    "equipment": "barbell",
    "gifUrl": "https://gymvisual.com/img/p/1/4/7/3/0/14730.gif",
    "id": 51,
    "name": "barbell jefferson squat",
    "target": "glutes"
  },
  {
    "bodyPart": "upper legs",
    "equipment": "barbell",
    "gifUrl": "https://media.tenor.com/KTAavalOAWQAAAAM/squat-jumps.gif",
    "id": 53,
    "name": "barbell jump squat",
    "target": "glutes"
  },
  {
    "bodyPart": "upper legs",
    "equipment": "barbell",
    "gifUrl": "https://gymvisual.com/img/p/6/6/7/1/6671.gif",
    "id": 1410,
    "name": "barbell lateral lunge",
    "target": "glutes"
  },
  {
    "bodyPart": "upper legs",
    "equipment": "barbell",
    "gifUrl": "https://gymvisual.com/img/p/6/3/3/9/6339.gif",
    "id": 1435,
    "name": "barbell low bar squat",
    "target": "glutes"
  },
  {
    "bodyPart": "upper legs",
    "equipment": "barbell",
    "gifUrl": "https://gymvisual.com/img/p/1/1/6/4/0/11640.gif",
    "id": 54,
    "name": "barbell lunge",
    "target": "glutes"
  },
  {
    "bodyPart": "upper legs",
    "equipment": "barbell",
    "gifUrl": "https://gymvisual.com/img/p/4/7/8/9/4789.gif",
    "id": 58,
    "name": "barbell lying lifting (on hip)",
    "target": "glutes"
  },
  {
    "bodyPart": "upper legs",
    "equipment": "barbell",
    "gifUrl": "https://gymvisual.com/img/p/4/7/9/4/4794.gif",
    "id": 63,
    "name": "barbell narrow stance squat",
    "target": "glutes"
  },
  {
    "bodyPart": "upper legs",
    "equipment": "barbell",
    "gifUrl": "https://gymvisual.com/img/p/2/0/4/6/1/20461.gif",
    "id": 66,
    "name": "barbell one arm side deadlift",
    "target": "glutes"
  },
  {
    "bodyPart": "upper legs",
    "equipment": "barbell",
    "gifUrl": "https://gymvisual.com/img/p/4/7/9/9/4799.gif",
    "id": 68,
    "name": "barbell one leg squat",
    "target": "quads"
  },
  {
    "bodyPart": "upper legs",
    "equipment": "barbell",
    "gifUrl": "https://gymvisual.com/img/p/3/3/2/0/2/33202.gif",
    "id": 69,
    "name": "barbell overhead squat",
    "target": "quads"
  },
  {
    "bodyPart": "upper legs",
    "equipment": "barbell",
    "gifUrl": "https://gymvisual.com/img/p/1/3/1/3/4/13134.gif",
    "id": 74,
    "name": "barbell rack pull",
    "target": "glutes"
  },
  {
    "bodyPart": "upper legs",
    "equipment": "barbell",
    "gifUrl": "https://gymvisual.com/img/p/4/8/1/1/4811.gif",
    "id": 78,
    "name": "barbell rear lunge",
    "target": "glutes"
  },
  {
    "bodyPart": "upper legs",
    "equipment": "barbell",
    "gifUrl": "https://gymvisual.com/img/p/4/8/1/2/4812.gif",
    "id": 77,
    "name": "barbell rear lunge v. 2",
    "target": "glutes"
  },
  {
    "bodyPart": "upper legs",
    "equipment": "barbell",
    "gifUrl": "https://media1.tenor.com/m/p4HVLW9g12sAAAAd/rdl.gif",
    "id": 85,
    "name": "barbell romanian deadlift",
    "target": "glutes"
  },
  {
    "bodyPart": "upper legs",
    "equipment": "barbell",
    "gifUrl": "https://gymvisual.com/img/p/2/8/1/5/6/28156.gif",
    "id": 90,
    "name": "barbell seated good morning",
    "target": "glutes"
  },
  {
    "bodyPart": "upper legs",
    "equipment": "barbell",
    "gifUrl": "https://gymvisual.com/img/p/4/8/3/6/4836.gif",
    "id": 98,
    "name": "barbell side split squat",
    "target": "quads"
  },
  {
    "bodyPart": "upper legs",
    "equipment": "barbell",
    "gifUrl": "https://gymvisual.com/img/p/4/8/3/5/4835.gif",
    "id": 97,
    "name": "barbell side split squat v. 2",
    "target": "quads"
  },
  {
    "bodyPart": "upper legs",
    "equipment": "barbell",
    "gifUrl": "https://gymvisual.com/img/p/7/5/6/0/7560.gif",
    "id": 1756,
    "name": "barbell single leg deadlift",
    "target": "glutes"
  },
  {
    "bodyPart": "upper legs",
    "equipment": "barbell",
    "gifUrl": "https://gymvisual.com/img/p/2/4/7/2/3/24723.gif",
    "id": 99,
    "name": "barbell single leg split squat",
    "target": "quads"
  },
  {
    "bodyPart": "upper legs",
    "equipment": "barbell",
    "gifUrl": "https://gymvisual.com/img/p/4/8/3/9/4839.gif",
    "id": 101,
    "name": "barbell speed squat",
    "target": "glutes"
  },
  {
    "bodyPart": "upper legs",
    "equipment": "barbell",
    "gifUrl": "https://gymvisual.com/img/p/1/4/6/0/7/14607.gif",
    "id": 2810,
    "name": "barbell split squat v. 2",
    "target": "quads"
  },
  {
    "bodyPart": "upper legs",
    "equipment": "barbell",
    "gifUrl": "https://gymvisual.com/img/p/4/8/4/0/4840.gif",
    "id": 102,
    "name": "barbell squat (on knees)",
    "target": "quads"
  },
  {
    "bodyPart": "upper legs",
    "equipment": "barbell",
    "gifUrl": "https://gymvisual.com/img/p/1/4/5/9/5/14595.gif",
    "id": 2798,
    "name": "barbell squat jump step rear lunge",
    "target": "quads"
  },
  {
    "bodyPart": "upper legs",
    "equipment": "barbell",
    "gifUrl": "https://gymvisual.com/img/p/3/3/8/8/1/33881.gif",
    "id": 114,
    "name": "barbell step-up",
    "target": "glutes"
  },
  {
    "bodyPart": "upper legs",
    "equipment": "barbell",
    "gifUrl": "https://gymvisual.com/img/p/4/8/5/3/4853.gif",
    "id": 115,
    "name": "barbell stiff leg good morning",
    "target": "glutes"
  },
  {
    "bodyPart": "upper legs",
    "equipment": "barbell",
    "gifUrl": "https://gymvisual.com/img/p/4/8/5/4/4854.gif",
    "id": 116,
    "name": "barbell straight leg deadlift",
    "target": "hamstrings"
  },
  {
    "bodyPart": "upper legs",
    "equipment": "barbell",
    "gifUrl": "https://gymvisual.com/img/p/2/4/7/2/8/24728.gif",
    "id": 117,
    "name": "barbell sumo deadlift",
    "target": "glutes"
  },
  {
    "bodyPart": "upper legs",
    "equipment": "barbell",
    "gifUrl": "https://gymvisual.com/img/p/2/4/9/3/4/24934.gif",
    "id": 124,
    "name": "barbell wide squat",
    "target": "quads"
  },
  {
    "bodyPart": "upper legs",
    "equipment": "barbell",
    "gifUrl": "https://gymvisual.com/img/p/4/8/6/5/4865.gif",
    "id": 127,
    "name": "barbell zercher squat",
    "target": "glutes"
  },
  {
    "bodyPart": "upper legs",
    "equipment": "body weight",
    "gifUrl": "https://gymvisual.com/img/p/1/2/9/3/6/12936.gif",
    "id": 3212,
    "name": "basic toe touch (male)",
    "target": "glutes"
  },
  {
    "bodyPart": "upper legs",
    "equipment": "body weight",
    "gifUrl": "https://gymvisual.com/img/p/4/8/6/8/4868.gif",
    "id": 130,
    "name": "bench hip extension",
    "target": "glutes"
  },
  {
    "bodyPart": "upper legs",
    "equipment": "body weight",
    "gifUrl": "https://gymvisual.com/img/p/1/4/7/3/8/14738.gif",
    "id": 3639,
    "name": "bent knee lying twist (male)",
    "target": "glutes"
  },
  {
    "bodyPart": "upper legs",
    "equipment": "body weight",
    "gifUrl": "https://gymvisual.com/img/p/1/4/1/1/2/14112.gif",
    "id": 3543,
    "name": "bodyweight drop jump squat",
    "target": "glutes"
  },
  {
    "bodyPart": "upper legs",
    "equipment": "body weight",
    "gifUrl": "https://gymvisual.com/img/p/6/7/1/8/6718.gif",
    "id": 1494,
    "name": "butterfly yoga pose",
    "target": "adductors"
  },
  {
    "bodyPart": "upper legs",
    "equipment": "cable",
    "gifUrl": "https://gymvisual.com/img/p/1/2/9/8/5/12985.gif",
    "id": 3235,
    "name": "cable assisted inverse leg curl",
    "target": "hamstrings"
  },
  {
    "bodyPart": "upper legs",
    "equipment": "cable",
    "gifUrl": "https://gymvisual.com/img/p/4/8/9/0/4890.gif",
    "id": 157,
    "name": "cable deadlift",
    "target": "glutes"
  },
  {
    "bodyPart": "upper legs",
    "equipment": "cable",
    "gifUrl": "https://gymvisual.com/img/p/4/9/0/1/4901.gif",
    "id": 168,
    "name": "cable hip adduction",
    "target": "adductors"
  },
  {
    "bodyPart": "upper legs",
    "equipment": "cable",
    "gifUrl": "https://gymvisual.com/img/p/4/9/2/9/4929.gif",
    "id": 196,
    "name": "cable pull through (with rope)",
    "target": "glutes"
  },
  {
    "bodyPart": "upper legs",
    "equipment": "cable",
    "gifUrl": "https://gymvisual.com/img/p/5/5/9/9/5599.gif",
    "id": 228,
    "name": "cable standing hip extension",
    "target": "glutes"
  },
  {
    "bodyPart": "upper legs",
    "equipment": "body weight",
    "gifUrl": "https://gymvisual.com/img/p/7/0/1/6/7016.gif",
    "id": 1548,
    "name": "chair leg extended stretch",
    "target": "quads"
  },
  {
    "bodyPart": "upper legs",
    "equipment": "body weight",
    "gifUrl": "https://gymvisual.com/img/p/1/6/7/3/9/16739.gif",
    "id": 3769,
    "name": "curtsey squat",
    "target": "glutes"
  },
  {
    "bodyPart": "upper legs",
    "equipment": "dumbbell",
    "gifUrl": "https://gymvisual.com/img/p/3/0/2/2/7/30227.gif",
    "id": 291,
    "name": "dumbbell bench squat",
    "target": "glutes"
  },
  {
    "bodyPart": "upper legs",
    "equipment": "dumbbell",
    "gifUrl": "https://gymvisual.com/img/p/2/0/8/3/7/20837.gif",
    "id": 295,
    "name": "dumbbell clean",
    "target": "glutes"
  },
  {
    "bodyPart": "upper legs",
    "equipment": "dumbbell",
    "gifUrl": "https://gymvisual.com/img/p/1/4/3/4/2/14342.gif",
    "id": 3635,
    "name": "dumbbell contralateral forward lunge",
    "target": "glutes"
  },
  {
    "bodyPart": "upper legs",
    "equipment": "dumbbell",
    "gifUrl": "https://gymvisual.com/img/p/5/0/3/3/5033.gif",
    "id": 300,
    "name": "dumbbell deadlift",
    "target": "glutes"
  },
  {
    "bodyPart": "upper legs",
    "equipment": "dumbbell",
    "gifUrl": "https://gymvisual.com/img/p/1/0/2/8/3/10283.gif",
    "id": 1760,
    "name": "dumbbell goblet squat",
    "target": "quads"
  },
  {
    "bodyPart": "upper legs",
    "equipment": "dumbbell",
    "gifUrl": "https://gymvisual.com/img/p/2/0/8/4/1/20841.gif",
    "id": 336,
    "name": "dumbbell lunge",
    "target": "glutes"
  },
  {
    "bodyPart": "upper legs",
    "equipment": "dumbbell",
    "gifUrl": "https://gymvisual.com/img/p/5/0/8/0/5080.gif",
    "id": 339,
    "name": "dumbbell lying femoral",
    "target": "hamstrings"
  },
  {
    "bodyPart": "upper legs",
    "equipment": "dumbbell",
    "gifUrl": "https://gymvisual.com/img/p/2/0/4/5/0/20450.gif",
    "id": 3888,
    "name": "dumbbell one arm snatch",
    "target": "glutes"
  },
  {
    "bodyPart": "upper legs",
    "equipment": "dumbbell",
    "gifUrl": "https://gymvisual.com/img/p/5/1/1/2/5112.gif",
    "id": 371,
    "name": "dumbbell plyo squat",
    "target": "glutes"
  },
  {
    "bodyPart": "upper legs",
    "equipment": "dumbbell",
    "gifUrl": "https://gymvisual.com/img/p/5/1/2/2/5122.gif",
    "id": 381,
    "name": "dumbbell rear lunge",
    "target": "glutes"
  },
  {
    "bodyPart": "upper legs",
    "equipment": "dumbbell",
    "gifUrl": "https://media1.tenor.com/m/kyOyzUcfIpMAAAAC/dumbbell-romanian.gif",
    "id": 1459,
    "name": "dumbbell romanian deadlift",
    "target": "glutes"
  },
  {
    "bodyPart": "upper legs",
    "equipment": "dumbbell",
    "gifUrl": "https://gymvisual.com/img/p/7/5/6/1/7561.gif",
    "id": 1757,
    "name": "dumbbell single leg deadlift",
    "target": "glutes"
  },
  {
    "bodyPart": "upper legs",
    "equipment": "dumbbell",
    "gifUrl": "https://gymvisual.com/img/p/1/4/6/0/4/14604.gif",
    "id": 2805,
    "name": "dumbbell single leg deadlift with stepbox support",
    "target": "glutes"
  },
  {
    "bodyPart": "upper legs",
    "equipment": "dumbbell",
    "gifUrl": "https://gymvisual.com/img/p/2/6/3/0/9/26309.gif",
    "id": 410,
    "name": "dumbbell single leg split squat",
    "target": "quads"
  },
  {
    "bodyPart": "upper legs",
    "equipment": "dumbbell",
    "gifUrl": "https://gymvisual.com/img/p/5/1/5/2/5152.gif",
    "id": 411,
    "name": "dumbbell single leg squat",
    "target": "glutes"
  },
  {
    "bodyPart": "upper legs",
    "equipment": "dumbbell",
    "gifUrl": "https://gymvisual.com/img/p/5/1/5/4/5154.gif",
    "id": 413,
    "name": "dumbbell squat",
    "target": "glutes"
  },
  {
    "bodyPart": "upper legs",
    "equipment": "dumbbell",
    "gifUrl": "https://gymvisual.com/img/p/5/1/7/2/5172.gif",
    "id": 431,
    "name": "dumbbell step-up",
    "target": "glutes"
  },
  {
    "bodyPart": "upper legs",
    "equipment": "dumbbell",
    "gifUrl": "https://gymvisual.com/img/p/1/4/5/9/4/14594.gif",
    "id": 2796,
    "name": "dumbbell step-up lunge",
    "target": "quads"
  },
  {
    "bodyPart": "upper legs",
    "equipment": "dumbbell",
    "gifUrl": "https://gymvisual.com/img/p/1/4/6/1/0/14610.gif",
    "id": 2812,
    "name": "dumbbell step-up split squat",
    "target": "quads"
  },
  {
    "bodyPart": "upper legs",
    "equipment": "dumbbell",
    "gifUrl": "https://gymvisual.com/img/p/5/1/7/3/5173.gif",
    "id": 432,
    "name": "dumbbell stiff leg deadlift",
    "target": "glutes"
  },
  {
    "bodyPart": "upper legs",
    "equipment": "dumbbell",
    "gifUrl": "https://gymvisual.com/img/p/2/4/6/5/3/24653.gif",
    "id": 434,
    "name": "dumbbell straight leg deadlift",
    "target": "glutes"
  },
  {
    "bodyPart": "upper legs",
    "equipment": "dumbbell",
    "gifUrl": "https://gymvisual.com/img/p/1/4/6/0/5/14605.gif",
    "id": 2808,
    "name": "dumbbell sumo pull through",
    "target": "glutes"
  },
  {
    "bodyPart": "upper legs",
    "equipment": "dumbbell",
    "gifUrl": "https://gymvisual.com/img/p/1/4/6/0/2/14602.gif",
    "id": 2803,
    "name": "dumbbell supported squat",
    "target": "quads"
  },
  {
    "bodyPart": "upper legs",
    "equipment": "stability ball",
    "gifUrl": "https://gymvisual.com/img/p/7/0/2/7/7027.gif",
    "id": 1559,
    "name": "exercise ball hip flexor stretch",
    "target": "glutes"
  },
  {
    "bodyPart": "upper legs",
    "equipment": "stability ball",
    "gifUrl": "https://gymvisual.com/img/p/6/6/7/7/6677.gif",
    "id": 1416,
    "name": "exercise ball one leg prone lower body rotation",
    "target": "glutes"
  },
  {
    "bodyPart": "upper legs",
    "equipment": "stability ball",
    "gifUrl": "https://gymvisual.com/img/p/6/6/7/8/6678.gif",
    "id": 1417,
    "name": "exercise ball one legged diagonal kick hamstring curl",
    "target": "glutes"
  },
  {
    "bodyPart": "upper legs",
    "equipment": "stability ball",
    "gifUrl": "https://gymvisual.com/img/p/7/0/2/8/7028.gif",
    "id": 1560,
    "name": "exercise ball seated hamstring stretch",
    "target": "hamstrings"
  },
  {
    "bodyPart": "upper legs",
    "equipment": "dumbbell",
    "gifUrl": "https://gymvisual.com/img/p/8/8/0/3/8803.gif",
    "id": 2133,
    "name": "farmers walk",
    "target": "quads"
  },
  {
    "bodyPart": "upper legs",
    "equipment": "body weight",
    "gifUrl": "https://media.tenor.com/SK6vGZB17HUAAAAM/%D1%83%D1%82%D1%80%D0%B5%D0%BD%D0%BD%D1%8F%D1%8F%D0%B7%D0%B0%D1%80%D1%8F%D0%B4%D0%BA%D0%B0-%D0%B5%D0%BB%D0%B5%D0%BD%D0%B0%D1%81%D0%B8%D0%BB%D0%BA%D0%B0.gif",
    "id": 459,
    "name": "flutter kicks",
    "target": "glutes"
  },
  {
    "bodyPart": "upper legs",
    "equipment": "body weight",
    "gifUrl": "https://gymvisual.com/img/p/6/7/0/7/6707.gif",
    "id": 1472,
    "name": "forward jump",
    "target": "quads"
  },
  {
    "bodyPart": "upper legs",
    "equipment": "body weight",
    "gifUrl": "https://gymvisual.com/img/p/1/3/7/8/8/13788.gif",
    "id": 3470,
    "name": "forward lunge (male)",
    "target": "glutes"
  },
  {
    "bodyPart": "upper legs",
    "equipment": "barbell",
    "gifUrl": "https://gymvisual.com/img/p/1/3/0/9/4/13094.gif",
    "id": 3194,
    "name": "frankenstein squat",
    "target": "glutes"
  },
  {
    "bodyPart": "upper legs",
    "equipment": "body weight",
    "gifUrl": "https://gymvisual.com/img/p/1/4/1/5/7/14157.gif",
    "id": 3561,
    "name": "glute bridge march",
    "target": "glutes"
  },
  {
    "bodyPart": "upper legs",
    "equipment": "body weight",
    "gifUrl": "https://gymvisual.com/img/p/1/4/1/5/8/14158.gif",
    "id": 3523,
    "name": "glute bridge two legs on bench (male)",
    "target": "glutes"
  },
  {
    "bodyPart": "upper legs",
    "equipment": "body weight",
    "gifUrl": "https://gymvisual.com/img/p/2/0/8/9/7/20897.gif",
    "id": 3193,
    "name": "glute-ham raise",
    "target": "hamstrings"
  },
  {
    "bodyPart": "upper legs",
    "equipment": "body weight",
    "gifUrl": "https://gymvisual.com/img/p/5/5/1/3/5513.gif",
    "id": 1511,
    "name": "hamstring stretch",
    "target": "hamstrings"
  },
  {
    "bodyPart": "upper legs",
    "equipment": "body weight",
    "gifUrl": "https://gymvisual.com/img/p/1/2/9/4/2/12942.gif",
    "id": 3218,
    "name": "hands clasped circular toe touch (male)",
    "target": "glutes"
  },
  {
    "bodyPart": "upper legs",
    "equipment": "body weight",
    "gifUrl": "https://gymvisual.com/img/p/1/2/9/3/9/12939.gif",
    "id": 3215,
    "name": "hands reversed clasped circular toe touch (male)",
    "target": "glutes"
  },
  {
    "bodyPart": "upper legs",
    "equipment": "body weight",
    "gifUrl": "https://media2.giphy.com//avatars/default2/80h.gif",
    "id": 1418,
    "name": "hug keens to chest",
    "target": "glutes"
  },
  {
    "bodyPart": "upper legs",
    "equipment": "rope",
    "gifUrl": "https://gymvisual.com/img/p/7/0/3/1/7031.gif",
    "id": 1564,
    "name": "intermediate hip flexor and quad stretch",
    "target": "quads"
  },
  {
    "bodyPart": "upper legs",
    "equipment": "body weight",
    "gifUrl": "https://gymvisual.com/img/p/5/2/3/5/5235.gif",
    "id": 496,
    "name": "inverse leg curl (bench support)",
    "target": "hamstrings"
  },
  {
    "bodyPart": "upper legs",
    "equipment": "body weight",
    "gifUrl": "https://gymvisual.com/img/p/1/0/4/4/9/10449.gif",
    "id": 2400,
    "name": "inverse leg curl (on pull-up cable machine)",
    "target": "hamstrings"
  },
  {
    "bodyPart": "upper legs",
    "equipment": "body weight",
    "gifUrl": "https://gymvisual.com/img/p/6/6/8/0/6680.gif",
    "id": 1419,
    "name": "iron cross stretch",
    "target": "glutes"
  },
  {
    "bodyPart": "upper legs",
    "equipment": "body weight",
    "gifUrl": "https://media.tenor.com/KTAavalOAWQAAAAM/squat-jumps.gif",
    "id": 514,
    "name": "jump squat",
    "target": "glutes"
  },
  {
    "bodyPart": "upper legs",
    "equipment": "body weight",
    "gifUrl": "https://gymvisual.com/img/p/5/2/5/1/5251.gif",
    "id": 513,
    "name": "jump squat v. 2",
    "target": "glutes"
  },
  {
    "bodyPart": "upper legs",
    "equipment": "kettlebell",
    "gifUrl": "https://gymvisual.com/img/p/5/2/7/1/5271.gif",
    "id": 533,
    "name": "kettlebell front squat",
    "target": "glutes"
  },
  {
    "bodyPart": "upper legs",
    "equipment": "kettlebell",
    "gifUrl": "https://gymvisual.com/img/p/5/2/7/2/5272.gif",
    "id": 534,
    "name": "kettlebell goblet squat",
    "target": "glutes"
  },
  {
    "bodyPart": "upper legs",
    "equipment": "kettlebell",
    "gifUrl": "https://gymvisual.com/img/p/2/3/5/3/9/23539.gif",
    "id": 535,
    "name": "kettlebell hang clean",
    "target": "hamstrings"
  },
  {
    "bodyPart": "upper legs",
    "equipment": "kettlebell",
    "gifUrl": "https://gymvisual.com/img/p/5/2/7/4/5274.gif",
    "id": 536,
    "name": "kettlebell lunge pass through",
    "target": "glutes"
  },
  {
    "bodyPart": "upper legs",
    "equipment": "kettlebell",
    "gifUrl": "https://gymvisual.com/img/p/3/5/6/7/7/35677.gif",
    "id": 544,
    "name": "kettlebell pistol squat",
    "target": "glutes"
  },
  {
    "bodyPart": "upper legs",
    "equipment": "kettlebell",
    "gifUrl": "https://gymvisual.com/img/p/3/2/2/5/8/32258.gif",
    "id": 549,
    "name": "kettlebell swing",
    "target": "glutes"
  },
  {
    "bodyPart": "upper legs",
    "equipment": "kettlebell",
    "gifUrl": "https://gymvisual.com/img/p/1/3/6/9/0/13690.gif",
    "id": 551,
    "name": "kettlebell turkish get up (squat style)",
    "target": "glutes"
  },
  {
    "bodyPart": "upper legs",
    "equipment": "body weight",
    "gifUrl": "https://gymvisual.com/img/p/5/2/9/3/5293.gif",
    "id": 555,
    "name": "kick out sit",
    "target": "hamstrings"
  },
  {
    "bodyPart": "upper legs",
    "equipment": "barbell",
    "gifUrl": "https://gymvisual.com/img/p/6/6/8/1/6681.gif",
    "id": 1420,
    "name": "kneeling jump squat",
    "target": "glutes"
  },
  {
    "bodyPart": "upper legs",
    "equipment": "body weight",
    "gifUrl": "https://gymvisual.com/img/p/7/0/4/3/7043.gif",
    "id": 1576,
    "name": "leg up hamstring stretch",
    "target": "hamstrings"
  },
  {
    "bodyPart": "upper legs",
    "equipment": "leverage machine",
    "gifUrl": "https://gymvisual.com/img/p/9/4/2/4/9424.gif",
    "id": 2287,
    "name": "lever alternate leg press",
    "target": "quads"
  },
  {
    "bodyPart": "upper legs",
    "equipment": "leverage machine",
    "gifUrl": "https://gymvisual.com/img/p/5/3/1/5/5315.gif",
    "id": 578,
    "name": "lever deadlift",
    "target": "glutes"
  },
  {
    "bodyPart": "upper legs",
    "equipment": "leverage machine",
    "gifUrl": "https://gymvisual.com/img/p/9/4/2/3/9423.gif",
    "id": 2286,
    "name": "lever hip extension v. 2",
    "target": "glutes"
  },
  {
    "bodyPart": "upper legs",
    "equipment": "leverage machine",
    "gifUrl": "https://gymvisual.com/img/p/1/4/5/9/2/14592.gif",
    "id": 2611,
    "name": "lever horizontal one leg press",
    "target": "glutes"
  },
  {
    "bodyPart": "upper legs",
    "equipment": "leverage machine",
    "gifUrl": "https://gymvisual.com/img/p/1/0/0/7/9/10079.gif",
    "id": 582,
    "name": "lever kneeling leg curl",
    "target": "hamstrings"
  },
  {
    "bodyPart": "upper legs",
    "equipment": "leverage machine",
    "gifUrl": "https://gymvisual.com/img/p/5/3/2/2/5322.gif",
    "id": 585,
    "name": "lever leg extension",
    "target": "quads"
  },
  {
    "bodyPart": "upper legs",
    "equipment": "leverage machine",
    "gifUrl": "https://gymvisual.com/img/p/5/3/2/3/5323.gif",
    "id": 586,
    "name": "lever lying leg curl",
    "target": "hamstrings"
  },
  {
    "bodyPart": "upper legs",
    "equipment": "leverage machine",
    "gifUrl": "https://gymvisual.com/img/p/1/3/0/9/5/13095.gif",
    "id": 3195,
    "name": "lever lying two-one leg curl",
    "target": "hamstrings"
  },
  {
    "bodyPart": "upper legs",
    "equipment": "leverage machine",
    "gifUrl": "https://gymvisual.com/img/p/5/3/3/0/5330.gif",
    "id": 593,
    "name": "lever reverse hyperextension",
    "target": "glutes"
  },
  {
    "bodyPart": "upper legs",
    "equipment": "leverage machine",
    "gifUrl": "https://gymvisual.com/img/p/1/6/6/7/9/16679.gif",
    "id": 3759,
    "name": "lever seated good morning",
    "target": "glutes"
  },
  {
    "bodyPart": "upper legs",
    "equipment": "leverage machine",
    "gifUrl": "https://gymvisual.com/img/p/1/2/7/1/4/12714.gif",
    "id": 597,
    "name": "lever seated hip abduction",
    "target": "abductors"
  },
  {
    "bodyPart": "upper legs",
    "equipment": "leverage machine",
    "gifUrl": "https://gymvisual.com/img/p/2/4/9/4/6/24946.gif",
    "id": 598,
    "name": "lever seated hip adduction",
    "target": "adductors"
  },
  {
    "bodyPart": "upper legs",
    "equipment": "leverage machine",
    "gifUrl": "https://gymvisual.com/img/p/1/0/4/8/2/10482.gif",
    "id": 599,
    "name": "lever seated leg curl",
    "target": "hamstrings"
  },
  {
    "bodyPart": "upper legs",
    "equipment": "body weight",
    "gifUrl": "https://gymvisual.com/img/p/1/2/4/4/4/12444.gif",
    "id": 3013,
    "name": "low glute bridge on floor",
    "target": "glutes"
  },
  {
    "bodyPart": "upper legs",
    "equipment": "body weight",
    "gifUrl": "https://gymvisual.com/img/p/1/4/7/3/4/14734.gif",
    "id": 3582,
    "name": "lunge with jump",
    "target": "glutes"
  },
  {
    "bodyPart": "upper legs",
    "equipment": "body weight",
    "gifUrl": "https://gymvisual.com/img/p/5/3/5/0/5350.gif",
    "id": 613,
    "name": "lying (side) quads stretch",
    "target": "quads"
  },
  {
    "bodyPart": "upper legs",
    "equipment": "body weight",
    "gifUrl": "https://gymvisual.com/img/p/5/3/6/0/5360.gif",
    "id": 624,
    "name": "march sit (wall)",
    "target": "glutes"
  },
  {
    "bodyPart": "upper legs",
    "equipment": "body weight",
    "gifUrl": "https://gymvisual.com/img/p/5/3/6/4/5364.gif",
    "id": 628,
    "name": "monster walk",
    "target": "glutes"
  },
  {
    "bodyPart": "upper legs",
    "equipment": "body weight",
    "gifUrl": "https://gymvisual.com/img/p/6/7/1/1/6711.gif",
    "id": 1476,
    "name": "one leg squat",
    "target": "glutes"
  },
  {
    "bodyPart": "upper legs",
    "equipment": "body weight",
    "gifUrl": "https://gymvisual.com/img/p/5/3/7/7/5377.gif",
    "id": 642,
    "name": "outside leg kick push-up",
    "target": "glutes"
  },
  {
    "bodyPart": "upper legs",
    "equipment": "body weight",
    "gifUrl": "https://gymvisual.com/img/p/6/6/8/3/6683.gif",
    "id": 1422,
    "name": "pelvic tilt into bridge",
    "target": "glutes"
  },
  {
    "bodyPart": "upper legs",
    "equipment": "body weight",
    "gifUrl": "https://gymvisual.com/img/p/1/4/7/4/7/14747.gif",
    "id": 3662,
    "name": "pike-to-cobra push-up",
    "target": "glutes"
  },
  {
    "bodyPart": "upper legs",
    "equipment": "body weight",
    "gifUrl": "https://gymvisual.com/img/p/1/2/5/3/8/12538.gif",
    "id": 3132,
    "name": "potty squat with support",
    "target": "glutes"
  },
  {
    "bodyPart": "upper legs",
    "equipment": "barbell",
    "gifUrl": "https://gymvisual.com/img/p/2/0/8/5/2/20852.gif",
    "id": 648,
    "name": "power clean",
    "target": "hamstrings"
  },
  {
    "bodyPart": "upper legs",
    "equipment": "body weight",
    "gifUrl": "https://gymvisual.com/img/p/5/3/9/5/5395.gif",
    "id": 661,
    "name": "push-up inside leg kick",
    "target": "glutes"
  },
  {
    "bodyPart": "upper legs",
    "equipment": "body weight",
    "gifUrl": "https://media0.giphy.com//avatars/default2/80h.gif",
    "id": 3533,
    "name": "quads",
    "target": "quads"
  },
  {
    "bodyPart": "upper legs",
    "equipment": "body weight",
    "gifUrl": "https://gymvisual.com/img/p/1/4/7/3/3/14733.gif",
    "id": 3552,
    "name": "quick feet v. 2",
    "target": "quads"
  },
  {
    "bodyPart": "upper legs",
    "equipment": "body weight",
    "gifUrl": "https://gymvisual.com/img/p/2/5/2/2/6/25226.gif",
    "id": 668,
    "name": "rear decline bridge",
    "target": "glutes"
  },
  {
    "bodyPart": "upper legs",
    "equipment": "rope",
    "gifUrl": "https://gymvisual.com/img/p/7/0/4/9/7049.gif",
    "id": 1582,
    "name": "reclining big toe pose with rope",
    "target": "hamstrings"
  },
  {
    "bodyPart": "upper legs",
    "equipment": "resistance band",
    "gifUrl": "https://gymvisual.com/img/p/1/2/9/9/0/12990.gif",
    "id": 3236,
    "name": "resistance band hip thrusts on knees (female)",
    "target": "glutes"
  },
  {
    "bodyPart": "upper legs",
    "equipment": "resistance band",
    "gifUrl": "https://gymvisual.com/img/p/1/2/4/3/9/12439.gif",
    "id": 3007,
    "name": "resistance band leg extension",
    "target": "quads"
  },
  {
    "bodyPart": "upper legs",
    "equipment": "resistance band",
    "gifUrl": "https://gymvisual.com/img/p/1/2/4/3/7/12437.gif",
    "id": 3006,
    "name": "resistance band seated hip abduction",
    "target": "abductors"
  },
  {
    "bodyPart": "upper legs",
    "equipment": "stability ball",
    "gifUrl": "https://gymvisual.com/img/p/1/6/7/9/9/16799.gif",
    "id": 675,
    "name": "reverse hyper extension (on stability ball)",
    "target": "glutes"
  },
  {
    "bodyPart": "upper legs",
    "equipment": "body weight",
    "gifUrl": "https://gymvisual.com/img/p/6/6/8/4/6684.gif",
    "id": 1423,
    "name": "reverse hyper on flat bench",
    "target": "glutes"
  },
  {
    "bodyPart": "upper legs",
    "equipment": "body weight",
    "gifUrl": "https://gymvisual.com/img/p/1/0/7/4/9/10749.gif",
    "id": 2571,
    "name": "rocking frog stretch",
    "target": "glutes"
  },
  {
    "bodyPart": "upper legs",
    "equipment": "roller",
    "gifUrl": "https://gymvisual.com/img/p/8/8/9/6/8896.gif",
    "id": 2205,
    "name": "roller hip lat stretch",
    "target": "glutes"
  },
  {
    "bodyPart": "upper legs",
    "equipment": "roller",
    "gifUrl": "https://gymvisual.com/img/p/1/4/1/6/9/14169.gif",
    "id": 2202,
    "name": "roller hip stretch",
    "target": "glutes"
  },
  {
    "bodyPart": "upper legs",
    "equipment": "body weight",
    "gifUrl": "https://gymvisual.com/img/p/7/0/5/2/7052.gif",
    "id": 1585,
    "name": "runners stretch",
    "target": "hamstrings"
  },
  {
    "bodyPart": "upper legs",
    "equipment": "body weight",
    "gifUrl": "https://gymvisual.com/img/p/6/6/8/5/6685.gif",
    "id": 1424,
    "name": "seated glute stretch",
    "target": "glutes"
  },
  {
    "bodyPart": "upper legs",
    "equipment": "body weight",
    "gifUrl": "https://gymvisual.com/img/p/1/0/7/4/5/10745.gif",
    "id": 2567,
    "name": "seated piriformis stretch",
    "target": "glutes"
  },
  {
    "bodyPart": "upper legs",
    "equipment": "body weight",
    "gifUrl": "https://gymvisual.com/img/p/7/0/5/4/7054.gif",
    "id": 1587,
    "name": "seated wide angle pose sequence",
    "target": "hamstrings"
  },
  {
    "bodyPart": "upper legs",
    "equipment": "body weight",
    "gifUrl": "https://gymvisual.com/img/p/5/4/2/9/5429.gif",
    "id": 697,
    "name": "self assisted inverse leg curl",
    "target": "hamstrings"
  },
  {
    "bodyPart": "upper legs",
    "equipment": "body weight",
    "gifUrl": "https://gymvisual.com/img/p/5/4/2/8/5428.gif",
    "id": 696,
    "name": "self assisted inverse leg curl (on floor)",
    "target": "hamstrings"
  },
  {
    "bodyPart": "upper legs",
    "equipment": "body weight",
    "gifUrl": "https://gymvisual.com/img/p/9/0/4/8/9048.gif",
    "id": 1774,
    "name": "side bridge hip abduction",
    "target": "abductors"
  },
  {
    "bodyPart": "upper legs",
    "equipment": "body weight",
    "gifUrl": "https://gymvisual.com/img/p/1/4/7/2/5/14725.gif",
    "id": 710,
    "name": "side hip abduction",
    "target": "abductors"
  },
  {
    "bodyPart": "upper legs",
    "equipment": "body weight",
    "gifUrl": "https://gymvisual.com/img/p/1/4/5/5/4/14554.gif",
    "id": 3667,
    "name": "side lying hip adduction (male)",
    "target": "adductors"
  },
  {
    "bodyPart": "upper legs",
    "equipment": "body weight",
    "gifUrl": "https://gymvisual.com/img/p/7/6/2/4/7624.gif",
    "id": 1775,
    "name": "side plank hip adduction",
    "target": "adductors"
  },
  {
    "bodyPart": "upper legs",
    "equipment": "body weight",
    "gifUrl": "https://gymvisual.com/img/p/1/4/7/4/4/14744.gif",
    "id": 3645,
    "name": "single leg bridge with outstretched leg",
    "target": "glutes"
  },
  {
    "bodyPart": "upper legs",
    "equipment": "body weight",
    "gifUrl": "https://gymvisual.com/img/p/5/4/5/6/5456.gif",
    "id": 730,
    "name": "single leg platform slide",
    "target": "hamstrings"
  },
  {
    "bodyPart": "upper legs",
    "equipment": "body weight",
    "gifUrl": "https://gymvisual.com/img/p/3/5/6/8/1/35681.gif",
    "id": 1759,
    "name": "single leg squat (pistol) male",
    "target": "glutes"
  },
  {
    "bodyPart": "upper legs",
    "equipment": "body weight",
    "gifUrl": "https://gymvisual.com/img/p/6/7/1/6/6716.gif",
    "id": 1489,
    "name": "sissy squat",
    "target": "quads"
  },
  {
    "bodyPart": "upper legs",
    "equipment": "sled machine",
    "gifUrl": "https://gymvisual.com/img/p/6/6/8/6/6686.gif",
    "id": 1425,
    "name": "sled 45 degrees one leg press",
    "target": "glutes"
  },
  {
    "bodyPart": "upper legs",
    "equipment": "sled machine",
    "gifUrl": "https://gymvisual.com/img/p/5/4/6/3/5463.gif",
    "id": 739,
    "name": "sled 45в° leg press",
    "target": "glutes"
  },
  {
    "bodyPart": "upper legs",
    "equipment": "sled machine",
    "gifUrl": "https://gymvisual.com/img/p/6/6/9/9/6699.gif",
    "id": 1464,
    "name": "sled 45в° leg press (back pov)",
    "target": "glutes"
  },
  {
    "bodyPart": "upper legs",
    "equipment": "sled machine",
    "gifUrl": "https://gymvisual.com/img/p/6/6/9/8/6698.gif",
    "id": 1463,
    "name": "sled 45в° leg press (side pov)",
    "target": "glutes"
  },
  {
    "bodyPart": "upper legs",
    "equipment": "sled machine",
    "gifUrl": "https://gymvisual.com/img/p/5/4/6/4/5464.gif",
    "id": 740,
    "name": "sled 45в° leg wide press",
    "target": "glutes"
  },
  {
    "bodyPart": "upper legs",
    "equipment": "sled machine",
    "gifUrl": "https://gymvisual.com/img/p/5/4/6/5/5465.gif",
    "id": 741,
    "name": "sled closer hack squat",
    "target": "glutes"
  },
  {
    "bodyPart": "upper legs",
    "equipment": "sled machine",
    "gifUrl": "https://gymvisual.com/img/p/2/5/2/2/8/25228.gif",
    "id": 743,
    "name": "sled hack squat",
    "target": "glutes"
  },
  {
    "bodyPart": "upper legs",
    "equipment": "sled machine",
    "gifUrl": "https://gymvisual.com/img/p/5/4/6/8/5468.gif",
    "id": 744,
    "name": "sled lying squat",
    "target": "glutes"
  },
  {
    "bodyPart": "upper legs",
    "equipment": "smith machine",
    "gifUrl": "https://gymvisual.com/img/p/5/4/7/3/5473.gif",
    "id": 749,
    "name": "smith bent knee good morning",
    "target": "glutes"
  },
  {
    "bodyPart": "upper legs",
    "equipment": "smith machine",
    "gifUrl": "https://gymvisual.com/img/p/5/4/7/4/5474.gif",
    "id": 750,
    "name": "smith chair squat",
    "target": "quads"
  },
  {
    "bodyPart": "upper legs",
    "equipment": "smith machine",
    "gifUrl": "https://gymvisual.com/img/p/2/4/6/4/5/24645.gif",
    "id": 752,
    "name": "smith deadlift",
    "target": "glutes"
  },
  {
    "bodyPart": "upper legs",
    "equipment": "smith machine",
    "gifUrl": "https://gymvisual.com/img/p/6/3/3/7/6337.gif",
    "id": 1433,
    "name": "smith front squat (clean grip)",
    "target": "glutes"
  },
  {
    "bodyPart": "upper legs",
    "equipment": "smith machine",
    "gifUrl": "https://gymvisual.com/img/p/5/4/9/4/5494.gif",
    "id": 3281,
    "name": "smith full squat",
    "target": "glutes"
  },
  {
    "bodyPart": "upper legs",
    "equipment": "smith machine",
    "gifUrl": "https://gymvisual.com/img/p/5/4/7/9/5479.gif",
    "id": 755,
    "name": "smith hack squat",
    "target": "glutes"
  },
  {
    "bodyPart": "upper legs",
    "equipment": "smith machine",
    "gifUrl": "https://gymvisual.com/img/p/5/4/8/4/5484.gif",
    "id": 760,
    "name": "smith leg press",
    "target": "glutes"
  },
  {
    "bodyPart": "upper legs",
    "equipment": "smith machine",
    "gifUrl": "https://gymvisual.com/img/p/6/3/3/8/6338.gif",
    "id": 1434,
    "name": "smith low bar squat",
    "target": "glutes"
  },
  {
    "bodyPart": "upper legs",
    "equipment": "smith machine",
    "gifUrl": "https://gymvisual.com/img/p/5/4/9/2/5492.gif",
    "id": 768,
    "name": "smith single leg split squat",
    "target": "quads"
  },
  {
    "bodyPart": "upper legs",
    "equipment": "smith machine",
    "gifUrl": "https://gymvisual.com/img/p/1/0/2/8/2/10282.gif",
    "id": 769,
    "name": "smith sprint lunge",
    "target": "glutes"
  },
  {
    "bodyPart": "upper legs",
    "equipment": "smith machine",
    "gifUrl": "https://gymvisual.com/img/p/5/4/9/4/5494.gif",
    "id": 770,
    "name": "smith squat",
    "target": "glutes"
  },
  {
    "bodyPart": "upper legs",
    "equipment": "smith machine",
    "gifUrl": "https://gymvisual.com/img/p/1/2/5/4/8/12548.gif",
    "id": 3142,
    "name": "smith sumo squat",
    "target": "glutes"
  },
  {
    "bodyPart": "upper legs",
    "equipment": "barbell",
    "gifUrl": "https://gymvisual.com/img/p/5/5/0/0/5500.gif",
    "id": 776,
    "name": "snatch pull",
    "target": "quads"
  },
  {
    "bodyPart": "upper legs",
    "equipment": "body weight",
    "gifUrl": "https://gymvisual.com/img/p/5/5/0/2/5502.gif",
    "id": 778,
    "name": "spider crawl push up",
    "target": "glutes"
  },
  {
    "bodyPart": "upper legs",
    "equipment": "body weight",
    "gifUrl": "https://media1.tenor.com/m/ZWINTWrTkX8AAAAd/db-split-squats.gif",
    "id": 2368,
    "name": "split squats",
    "target": "quads"
  },
  {
    "bodyPart": "upper legs",
    "equipment": "barbell",
    "gifUrl": "https://gymvisual.com/img/p/5/5/1/0/5510.gif",
    "id": 786,
    "name": "squat jerk",
    "target": "quads"
  },
  {
    "bodyPart": "upper legs",
    "equipment": "bosu ball",
    "gifUrl": "https://gymvisual.com/img/p/7/4/2/1/7421.gif",
    "id": 1705,
    "name": "squat on bosu ball",
    "target": "quads"
  },
  {
    "bodyPart": "upper legs",
    "equipment": "body weight",
    "gifUrl": "https://gymvisual.com/img/p/7/4/0/3/7403.gif",
    "id": 1685,
    "name": "squat to overhead reach",
    "target": "quads"
  },
  {
    "bodyPart": "upper legs",
    "equipment": "body weight",
    "gifUrl": "https://gymvisual.com/img/p/7/4/0/4/7404.gif",
    "id": 1686,
    "name": "squat to overhead reach with twist",
    "target": "quads"
  },
  {
    "bodyPart": "upper legs",
    "equipment": "rope",
    "gifUrl": "https://gymvisual.com/img/p/7/0/6/6/7066.gif",
    "id": 1599,
    "name": "standing hamstring and calf stretch with strap",
    "target": "hamstrings"
  },
  {
    "bodyPart": "upper legs",
    "equipment": "body weight",
    "gifUrl": "https://gymvisual.com/img/p/2/0/4/9/7/20497.gif",
    "id": 795,
    "name": "standing single leg curl",
    "target": "hamstrings"
  },
  {
    "bodyPart": "upper legs",
    "equipment": "body weight",
    "gifUrl": "https://gymvisual.com/img/p/6/6/8/8/6688.gif",
    "id": 1427,
    "name": "straight leg outer hip abductor",
    "target": "abductors"
  },
  {
    "bodyPart": "upper legs",
    "equipment": "body weight",
    "gifUrl": "https://gymvisual.com/img/p/3/2/2/6/0/32260.gif",
    "id": 809,
    "name": "suspended split squat",
    "target": "quads"
  },
  {
    "bodyPart": "upper legs",
    "equipment": "body weight",
    "gifUrl": "https://gymvisual.com/img/p/1/4/1/1/8/14118.gif",
    "id": 3433,
    "name": "swimmer kicks v. 2 (male)",
    "target": "glutes"
  },
  {
    "bodyPart": "upper legs",
    "equipment": "tire",
    "gifUrl": "https://media.tenor.com/Q-O5xfFs9nAAAAAM/tire-flip.gif",
    "id": 2459,
    "name": "tire flip",
    "target": "glutes"
  },
  {
    "bodyPart": "upper legs",
    "equipment": "trap bar",
    "gifUrl": "https://gymvisual.com/img/p/2/4/0/5/1/24051.gif",
    "id": 811,
    "name": "trap bar deadlift",
    "target": "glutes"
  },
  {
    "bodyPart": "upper legs",
    "equipment": "body weight",
    "gifUrl": "https://gymvisual.com/img/p/6/7/0/1/6701.gif",
    "id": 1466,
    "name": "twist hip lift",
    "target": "glutes"
  },
  {
    "bodyPart": "upper legs",
    "equipment": "body weight",
    "gifUrl": "https://media.tenor.com/Fn7P-xCA3bYAAAAM/jack-black-sexy.gif",
    "id": 1460,
    "name": "walking lunge",
    "target": "glutes"
  },
  {
    "bodyPart": "upper legs",
    "equipment": "weighted",
    "gifUrl": "https://gymvisual.com/img/p/1/4/7/4/2/14742.gif",
    "id": 3643,
    "name": "weighted cossack squats (male)",
    "target": "glutes"
  },
  {
    "bodyPart": "upper legs",
    "equipment": "weighted",
    "gifUrl": "https://gymvisual.com/img/p/1/4/7/4/3/14743.gif",
    "id": 3644,
    "name": "weighted lunge with swing",
    "target": "glutes"
  },
  {
    "bodyPart": "upper legs",
    "equipment": "weighted",
    "gifUrl": "https://gymvisual.com/img/p/1/8/5/2/8/18528.gif",
    "id": 851,
    "name": "weighted sissy squat",
    "target": "quads"
  },
  {
    "bodyPart": "upper legs",
    "equipment": "weighted",
    "gifUrl": "https://media.tenor.com/C4EkHONguLQAAAAM/10-reps-of-shmurda.gif",
    "id": 852,
    "name": "weighted squat",
    "target": "glutes"
  },
  {
    "bodyPart": "upper legs",
    "equipment": "weighted",
    "gifUrl": "https://gymvisual.com/img/p/1/4/7/4/1/14741.gif",
    "id": 3642,
    "name": "weighted stretch lunge",
    "target": "glutes"
  },
  {
    "bodyPart": "upper legs",
    "equipment": "body weight",
    "gifUrl": "https://gymvisual.com/img/p/2/4/5/0/1/24501.gif",
    "id": 1604,
    "name": "world greatest stretch",
    "target": "hamstrings"
  }
]