[
  {
    "bodyPart": "upper arms",
    "equipment": "assisted",
    "gifUrl": "https://gymvisual.com/img/p/4/7/4/9/4749.gif",
    "id": 18,
    "name": "assisted standing triceps extension (with towel)",
    "target": "triceps"
  },
  {
    "bodyPart": "upper arms",
    "equipment": "leverage machine",
    "gifUrl": "https://gymvisual.com/img/p/4/7/5/0/4750.gif",
    "id": 19,
    "name": "assisted triceps dip (kneeling)",
    "target": "triceps"
  },
  {
    "bodyPart": "upper arms",
    "equipment": "band",
    "gifUrl": "https://gymvisual.com/img/p/5/6/8/1/5681.gif",
    "id": 968,
    "name": "band alternating biceps curl",
    "target": "biceps"
  },
  {
    "bodyPart": "upper arms",
    "equipment": "band",
    "gifUrl": "https://gymvisual.com/img/p/5/6/8/8/5688.gif",
    "id": 975,
    "name": "band close-grip push-up",
    "target": "triceps"
  },
  {
    "bodyPart": "upper arms",
    "equipment": "band",
    "gifUrl": "https://gymvisual.com/img/p/5/6/8/9/5689.gif",
    "id": 976,
    "name": "band concentration curl",
    "target": "biceps"
  },
  {
    "bodyPart": "upper arms",
    "equipment": "band",
    "gifUrl": "https://gymvisual.com/img/p/5/6/9/9/5699.gif",
    "id": 986,
    "name": "band one arm overhead biceps curl",
    "target": "biceps"
  },
  {
    "bodyPart": "upper arms",
    "equipment": "band",
    "gifUrl": "https://gymvisual.com/img/p/5/7/1/1/5711.gif",
    "id": 998,
    "name": "band side triceps extension",
    "target": "triceps"
  },
  {
    "bodyPart": "upper arms",
    "equipment": "barbell",
    "gifUrl": "https://gymvisual.com/img/p/4/7/5/4/4754.gif",
    "id": 23,
    "name": "barbell alternate biceps curl",
    "target": "biceps"
  },
  {
    "bodyPart": "upper arms",
    "equipment": "barbell",
    "gifUrl": "https://gymvisual.com/img/p/1/0/4/7/4/10474.gif",
    "id": 2407,
    "name": "barbell biceps curl (with arm blaster)",
    "target": "biceps"
  },
  {
    "bodyPart": "upper arms",
    "equipment": "barbell",
    "gifUrl": "https://media1.tenor.com/m/R3GzxVSDXeAAAAAC/close-grip-barbell-press.gif",
    "id": 30,
    "name": "barbell close-grip bench press",
    "target": "triceps"
  },
  {
    "bodyPart": "upper arms",
    "equipment": "barbell",
    "gifUrl": "https://gymvisual.com/img/p/4/7/5/4/4754.gif",
    "id": 31,
    "name": "barbell curl",
    "target": "biceps"
  },
  {
    "bodyPart": "upper arms",
    "equipment": "barbell",
    "gifUrl": "https://gymvisual.com/img/p/4/7/6/6/4766.gif",
    "id": 35,
    "name": "barbell decline close grip to skull press",
    "target": "triceps"
  },
  {
    "bodyPart": "upper arms",
    "equipment": "barbell",
    "gifUrl": "https://gymvisual.com/img/p/4/7/6/9/4769.gif",
    "id": 38,
    "name": "barbell drag curl",
    "target": "biceps"
  },
  {
    "bodyPart": "upper arms",
    "equipment": "barbell",
    "gifUrl": "https://gymvisual.com/img/p/7/5/2/3/7523.gif",
    "id": 1719,
    "name": "barbell incline close grip bench press",
    "target": "triceps"
  },
  {
    "bodyPart": "upper arms",
    "equipment": "barbell",
    "gifUrl": "https://gymvisual.com/img/p/4/7/7/9/4779.gif",
    "id": 48,
    "name": "barbell incline reverse-grip press",
    "target": "triceps"
  },
  {
    "bodyPart": "upper arms",
    "equipment": "barbell",
    "gifUrl": "https://gymvisual.com/img/p/3/1/5/1/0/31510.gif",
    "id": 52,
    "name": "barbell jm bench press",
    "target": "triceps"
  },
  {
    "bodyPart": "upper arms",
    "equipment": "barbell",
    "gifUrl": "https://gymvisual.com/img/p/7/5/2/4/7524.gif",
    "id": 1720,
    "name": "barbell lying back of the head tricep extension",
    "target": "triceps"
  },
  {
    "bodyPart": "upper arms",
    "equipment": "barbell",
    "gifUrl": "https://gymvisual.com/img/p/4/7/8/6/4786.gif",
    "id": 55,
    "name": "barbell lying close-grip press",
    "target": "triceps"
  },
  {
    "bodyPart": "upper arms",
    "equipment": "barbell",
    "gifUrl": "https://gymvisual.com/img/p/1/1/7/1/4/11714.gif",
    "id": 56,
    "name": "barbell lying close-grip triceps extension",
    "target": "triceps"
  },
  {
    "bodyPart": "upper arms",
    "equipment": "barbell",
    "gifUrl": "https://gymvisual.com/img/p/4/7/9/2/4792.gif",
    "id": 57,
    "name": "barbell lying extension",
    "target": "triceps"
  },
  {
    "bodyPart": "upper arms",
    "equipment": "barbell",
    "gifUrl": "https://gymvisual.com/img/p/4/7/9/0/4790.gif",
    "id": 59,
    "name": "barbell lying preacher curl",
    "target": "biceps"
  },
  {
    "bodyPart": "upper arms",
    "equipment": "barbell",
    "gifUrl": "https://gymvisual.com/img/p/4/7/9/2/4792.gif",
    "id": 61,
    "name": "barbell lying triceps extension",
    "target": "triceps"
  },
  {
    "bodyPart": "upper arms",
    "equipment": "barbell",
    "gifUrl": "https://gymvisual.com/img/p/1/8/2/4/3/18243.gif",
    "id": 60,
    "name": "barbell lying triceps extension skull crusher",
    "target": "triceps"
  },
  {
    "bodyPart": "upper arms",
    "equipment": "barbell",
    "gifUrl": "https://gymvisual.com/img/p/4/7/9/6/4796.gif",
    "id": 65,
    "name": "barbell one arm floor press",
    "target": "triceps"
  },
  {
    "bodyPart": "upper arms",
    "equipment": "barbell",
    "gifUrl": "https://gymvisual.com/img/p/7/5/5/5/7555.gif",
    "id": 1751,
    "name": "barbell pin presses",
    "target": "triceps"
  },
  {
    "bodyPart": "upper arms",
    "equipment": "barbell",
    "gifUrl": "https://gymvisual.com/img/p/4/8/0/1/4801.gif",
    "id": 70,
    "name": "barbell preacher curl",
    "target": "biceps"
  },
  {
    "bodyPart": "upper arms",
    "equipment": "barbell",
    "gifUrl": "https://gymvisual.com/img/p/4/8/0/3/4803.gif",
    "id": 72,
    "name": "barbell prone incline curl",
    "target": "biceps"
  },
  {
    "bodyPart": "upper arms",
    "equipment": "barbell",
    "gifUrl": "https://gymvisual.com/img/p/8/8/0/5/8805.gif",
    "id": 2187,
    "name": "barbell reverse close-grip bench press",
    "target": "triceps"
  },
  {
    "bodyPart": "upper arms",
    "equipment": "barbell",
    "gifUrl": "https://gymvisual.com/img/p/2/4/7/5/8/24758.gif",
    "id": 80,
    "name": "barbell reverse curl",
    "target": "biceps"
  },
  {
    "bodyPart": "upper arms",
    "equipment": "barbell",
    "gifUrl": "https://gymvisual.com/img/p/7/5/2/5/7525.gif",
    "id": 1721,
    "name": "barbell reverse grip skullcrusher",
    "target": "triceps"
  },
  {
    "bodyPart": "upper arms",
    "equipment": "barbell",
    "gifUrl": "https://gymvisual.com/img/p/2/4/9/8/0/24980.gif",
    "id": 81,
    "name": "barbell reverse preacher curl",
    "target": "biceps"
  },
  {
    "bodyPart": "upper arms",
    "equipment": "barbell",
    "gifUrl": "https://gymvisual.com/img/p/7/5/2/2/7522.gif",
    "id": 1718,
    "name": "barbell seated close grip behind neck triceps extension",
    "target": "triceps"
  },
  {
    "bodyPart": "upper arms",
    "equipment": "barbell",
    "gifUrl": "https://gymvisual.com/img/p/7/2/2/7/7227.gif",
    "id": 89,
    "name": "barbell seated close-grip concentration curl",
    "target": "biceps"
  },
  {
    "bodyPart": "upper arms",
    "equipment": "barbell",
    "gifUrl": "https://gymvisual.com/img/p/4/8/2/8/4828.gif",
    "id": 92,
    "name": "barbell seated overhead triceps extension",
    "target": "triceps"
  },
  {
    "bodyPart": "upper arms",
    "equipment": "barbell",
    "gifUrl": "https://gymvisual.com/img/p/4/8/4/4/4844.gif",
    "id": 106,
    "name": "barbell standing close grip curl",
    "target": "biceps"
  },
  {
    "bodyPart": "upper arms",
    "equipment": "barbell",
    "gifUrl": "https://gymvisual.com/img/p/1/0/4/8/7/10487.gif",
    "id": 2414,
    "name": "barbell standing concentration curl",
    "target": "biceps"
  },
  {
    "bodyPart": "upper arms",
    "equipment": "barbell",
    "gifUrl": "https://gymvisual.com/img/p/4/8/4/7/4847.gif",
    "id": 109,
    "name": "barbell standing overhead triceps extension",
    "target": "triceps"
  },
  {
    "bodyPart": "upper arms",
    "equipment": "barbell",
    "gifUrl": "https://gymvisual.com/img/p/4/8/4/8/4848.gif",
    "id": 110,
    "name": "barbell standing reverse grip curl",
    "target": "biceps"
  },
  {
    "bodyPart": "upper arms",
    "equipment": "barbell",
    "gifUrl": "https://gymvisual.com/img/p/1/1/6/0/0/11600.gif",
    "id": 1629,
    "name": "barbell standing wide grip biceps curl",
    "target": "biceps"
  },
  {
    "bodyPart": "upper arms",
    "equipment": "barbell",
    "gifUrl": "https://gymvisual.com/img/p/4/8/5/1/4851.gif",
    "id": 113,
    "name": "barbell standing wide-grip curl",
    "target": "biceps"
  },
  {
    "bodyPart": "upper arms",
    "equipment": "body weight",
    "gifUrl": "https://gymvisual.com/img/p/4/8/6/7/4867.gif",
    "id": 129,
    "name": "bench dip (knees bent)",
    "target": "triceps"
  },
  {
    "bodyPart": "upper arms",
    "equipment": "body weight",
    "gifUrl": "https://gymvisual.com/img/p/6/6/6/2/6662.gif",
    "id": 1399,
    "name": "bench dip on floor",
    "target": "triceps"
  },
  {
    "bodyPart": "upper arms",
    "equipment": "body weight",
    "gifUrl": "https://gymvisual.com/img/p/7/6/2/9/7629.gif",
    "id": 1770,
    "name": "biceps leg concentration curl",
    "target": "biceps"
  },
  {
    "bodyPart": "upper arms",
    "equipment": "body weight",
    "gifUrl": "https://gymvisual.com/img/p/4/8/7/5/4875.gif",
    "id": 139,
    "name": "biceps narrow pull-ups",
    "target": "biceps"
  },
  {
    "bodyPart": "upper arms",
    "equipment": "body weight",
    "gifUrl": "https://media.tenor.com/L62Ej72hDmkAAAAM/cat-exercise.gif",
    "id": 140,
    "name": "biceps pull-up",
    "target": "biceps"
  },
  {
    "bodyPart": "upper arms",
    "equipment": "body weight",
    "gifUrl": "https://gymvisual.com/img/p/2/0/8/3/3/20833.gif",
    "id": 137,
    "name": "body-up",
    "target": "triceps"
  },
  {
    "bodyPart": "upper arms",
    "equipment": "body weight",
    "gifUrl": "https://gymvisual.com/img/p/7/6/2/8/7628.gif",
    "id": 1771,
    "name": "bodyweight kneeling triceps extension",
    "target": "triceps"
  },
  {
    "bodyPart": "upper arms",
    "equipment": "body weight",
    "gifUrl": "https://gymvisual.com/img/p/7/6/3/0/7630.gif",
    "id": 1769,
    "name": "bodyweight side lying biceps curl",
    "target": "biceps"
  },
  {
    "bodyPart": "upper arms",
    "equipment": "cable",
    "gifUrl": "https://gymvisual.com/img/p/4/8/8/2/4882.gif",
    "id": 149,
    "name": "cable alternate triceps extension",
    "target": "triceps"
  },
  {
    "bodyPart": "upper arms",
    "equipment": "cable",
    "gifUrl": "https://gymvisual.com/img/p/7/2/4/3/7243.gif",
    "id": 1630,
    "name": "cable close grip curl",
    "target": "biceps"
  },
  {
    "bodyPart": "upper arms",
    "equipment": "cable",
    "gifUrl": "https://gymvisual.com/img/p/7/2/4/4/7244.gif",
    "id": 1631,
    "name": "cable concentration curl",
    "target": "biceps"
  },
  {
    "bodyPart": "upper arms",
    "equipment": "cable",
    "gifUrl": "https://gymvisual.com/img/p/4/8/8/5/4885.gif",
    "id": 152,
    "name": "cable concentration extension (on knee)",
    "target": "triceps"
  },
  {
    "bodyPart": "upper arms",
    "equipment": "cable",
    "gifUrl": "https://media1.tenor.com/m/GYDvpl2ycIYAAAAC/cable-bicesp-curl.gif",
    "id": 868,
    "name": "cable curl",
    "target": "biceps"
  },
  {
    "bodyPart": "upper arms",
    "equipment": "cable",
    "gifUrl": "https://gymvisual.com/img/p/7/2/4/5/7245.gif",
    "id": 1632,
    "name": "cable drag curl",
    "target": "biceps"
  },
  {
    "bodyPart": "upper arms",
    "equipment": "cable",
    "gifUrl": "https://gymvisual.com/img/p/2/0/8/2/1/20821.gif",
    "id": 165,
    "name": "cable hammer curl (with rope)",
    "target": "biceps"
  },
  {
    "bodyPart": "upper arms",
    "equipment": "cable",
    "gifUrl": "https://gymvisual.com/img/p/9/7/2/6/9726.gif",
    "id": 1722,
    "name": "cable high pulley overhead tricep extension",
    "target": "triceps"
  },
  {
    "bodyPart": "upper arms",
    "equipment": "cable",
    "gifUrl": "https://gymvisual.com/img/p/3/5/6/7/5/35675.gif",
    "id": 173,
    "name": "cable incline triceps extension",
    "target": "triceps"
  },
  {
    "bodyPart": "upper arms",
    "equipment": "cable",
    "gifUrl": "https://gymvisual.com/img/p/2/3/5/4/9/23549.gif",
    "id": 860,
    "name": "cable kickback",
    "target": "triceps"
  },
  {
    "bodyPart": "upper arms",
    "equipment": "cable",
    "gifUrl": "https://gymvisual.com/img/p/4/9/0/9/4909.gif",
    "id": 176,
    "name": "cable kneeling triceps extension",
    "target": "triceps"
  },
  {
    "bodyPart": "upper arms",
    "equipment": "cable",
    "gifUrl": "https://gymvisual.com/img/p/2/0/4/6/9/20469.gif",
    "id": 1634,
    "name": "cable lying bicep curl",
    "target": "biceps"
  },
  {
    "bodyPart": "upper arms",
    "equipment": "cable",
    "gifUrl": "https://gymvisual.com/img/p/4/9/1/4/4914.gif",
    "id": 182,
    "name": "cable lying close-grip curl",
    "target": "biceps"
  },
  {
    "bodyPart": "upper arms",
    "equipment": "cable",
    "gifUrl": "https://gymvisual.com/img/p/4/9/1/9/4919.gif",
    "id": 186,
    "name": "cable lying triceps extension v. 2",
    "target": "triceps"
  },
  {
    "bodyPart": "upper arms",
    "equipment": "cable",
    "gifUrl": "https://gymvisual.com/img/p/1/0/7/8/7/10787.gif",
    "id": 190,
    "name": "cable one arm curl",
    "target": "biceps"
  },
  {
    "bodyPart": "upper arms",
    "equipment": "cable",
    "gifUrl": "https://gymvisual.com/img/p/7/2/4/6/7246.gif",
    "id": 1633,
    "name": "cable one arm preacher curl",
    "target": "biceps"
  },
  {
    "bodyPart": "upper arms",
    "equipment": "cable",
    "gifUrl": "https://gymvisual.com/img/p/7/2/4/8/7248.gif",
    "id": 1635,
    "name": "cable one arm reverse preacher curl",
    "target": "biceps"
  },
  {
    "bodyPart": "upper arms",
    "equipment": "cable",
    "gifUrl": "https://gymvisual.com/img/p/7/5/2/7/7527.gif",
    "id": 1723,
    "name": "cable one arm tricep pushdown",
    "target": "triceps"
  },
  {
    "bodyPart": "upper arms",
    "equipment": "cable",
    "gifUrl": "https://gymvisual.com/img/p/7/2/4/9/7249.gif",
    "id": 1636,
    "name": "cable overhead curl",
    "target": "biceps"
  },
  {
    "bodyPart": "upper arms",
    "equipment": "cable",
    "gifUrl": "https://gymvisual.com/img/p/7/2/5/0/7250.gif",
    "id": 1637,
    "name": "cable overhead curl on exercise ball",
    "target": "biceps"
  },
  {
    "bodyPart": "upper arms",
    "equipment": "cable",
    "gifUrl": "https://gymvisual.com/img/p/4/9/2/7/4927.gif",
    "id": 194,
    "name": "cable overhead triceps extension (rope attachment)",
    "target": "triceps"
  },
  {
    "bodyPart": "upper arms",
    "equipment": "cable",
    "gifUrl": "https://gymvisual.com/img/p/2/8/2/8/9/28289.gif",
    "id": 195,
    "name": "cable preacher curl",
    "target": "biceps"
  },
  {
    "bodyPart": "upper arms",
    "equipment": "cable",
    "gifUrl": "https://gymvisual.com/img/p/7/2/5/1/7251.gif",
    "id": 1638,
    "name": "cable pulldown bicep curl",
    "target": "biceps"
  },
  {
    "bodyPart": "upper arms",
    "equipment": "cable",
    "gifUrl": "https://gymvisual.com/img/p/7/5/2/7/7527.gif",
    "id": 201,
    "name": "cable pushdown",
    "target": "triceps"
  },
  {
    "bodyPart": "upper arms",
    "equipment": "cable",
    "gifUrl": "https://gymvisual.com/img/p/4/9/3/3/4933.gif",
    "id": 200,
    "name": "cable pushdown (with rope attachment)",
    "target": "triceps"
  },
  {
    "bodyPart": "upper arms",
    "equipment": "cable",
    "gifUrl": "https://gymvisual.com/img/p/4/9/3/7/4937.gif",
    "id": 204,
    "name": "cable rear drive",
    "target": "triceps"
  },
  {
    "bodyPart": "upper arms",
    "equipment": "cable",
    "gifUrl": "https://media1.tenor.com/m/6aFVMxmmytkAAAAC/reverse-cable-curl.gif",
    "id": 206,
    "name": "cable reverse curl",
    "target": "biceps"
  },
  {
    "bodyPart": "upper arms",
    "equipment": "cable",
    "gifUrl": "https://gymvisual.com/img/p/1/0/4/7/3/10473.gif",
    "id": 2406,
    "name": "cable reverse grip triceps pushdown (sz-bar) (with arm blaster)",
    "target": "triceps"
  },
  {
    "bodyPart": "upper arms",
    "equipment": "cable",
    "gifUrl": "https://gymvisual.com/img/p/6/6/7/4/6674.gif",
    "id": 1413,
    "name": "cable reverse one arm curl",
    "target": "biceps"
  },
  {
    "bodyPart": "upper arms",
    "equipment": "cable",
    "gifUrl": "https://gymvisual.com/img/p/2/5/8/4/2/25842.gif",
    "id": 209,
    "name": "cable reverse preacher curl",
    "target": "biceps"
  },
  {
    "bodyPart": "upper arms",
    "equipment": "cable",
    "gifUrl": "https://gymvisual.com/img/p/7/0/7/3/7073.gif",
    "id": 207,
    "name": "cable reverse-grip pushdown",
    "target": "triceps"
  },
  {
    "bodyPart": "upper arms",
    "equipment": "cable",
    "gifUrl": "https://gymvisual.com/img/p/7/2/5/2/7252.gif",
    "id": 1639,
    "name": "cable rope hammer preacher curl",
    "target": "biceps"
  },
  {
    "bodyPart": "upper arms",
    "equipment": "cable",
    "gifUrl": "https://gymvisual.com/img/p/7/5/2/8/7528.gif",
    "id": 1724,
    "name": "cable rope high pulley overhead tricep extension",
    "target": "triceps"
  },
  {
    "bodyPart": "upper arms",
    "equipment": "cable",
    "gifUrl": "https://gymvisual.com/img/p/7/5/2/9/7529.gif",
    "id": 1725,
    "name": "cable rope incline tricep extension",
    "target": "triceps"
  },
  {
    "bodyPart": "upper arms",
    "equipment": "cable",
    "gifUrl": "https://gymvisual.com/img/p/7/5/3/0/7530.gif",
    "id": 1726,
    "name": "cable rope lying on floor tricep extension",
    "target": "triceps"
  },
  {
    "bodyPart": "upper arms",
    "equipment": "cable",
    "gifUrl": "https://gymvisual.com/img/p/7/2/5/3/7253.gif",
    "id": 1640,
    "name": "cable rope one arm hammer preacher curl",
    "target": "biceps"
  },
  {
    "bodyPart": "upper arms",
    "equipment": "cable",
    "gifUrl": "https://gymvisual.com/img/p/7/2/5/4/7254.gif",
    "id": 1641,
    "name": "cable seated curl",
    "target": "biceps"
  },
  {
    "bodyPart": "upper arms",
    "equipment": "cable",
    "gifUrl": "https://gymvisual.com/img/p/7/2/5/5/7255.gif",
    "id": 1642,
    "name": "cable seated one arm concentration curl",
    "target": "biceps"
  },
  {
    "bodyPart": "upper arms",
    "equipment": "cable",
    "gifUrl": "https://gymvisual.com/img/p/7/2/5/6/7256.gif",
    "id": 1643,
    "name": "cable seated overhead curl",
    "target": "biceps"
  },
  {
    "bodyPart": "upper arms",
    "equipment": "cable",
    "gifUrl": "https://gymvisual.com/img/p/7/2/5/7/7257.gif",
    "id": 1644,
    "name": "cable squatting curl",
    "target": "biceps"
  },
  {
    "bodyPart": "upper arms",
    "equipment": "cable",
    "gifUrl": "https://gymvisual.com/img/p/4/9/6/2/4962.gif",
    "id": 229,
    "name": "cable standing inner curl",
    "target": "biceps"
  },
  {
    "bodyPart": "upper arms",
    "equipment": "cable",
    "gifUrl": "https://gymvisual.com/img/p/2/5/6/2/8/25628.gif",
    "id": 231,
    "name": "cable standing one arm triceps extension",
    "target": "triceps"
  },
  {
    "bodyPart": "upper arms",
    "equipment": "cable",
    "gifUrl": "https://gymvisual.com/img/p/4/9/6/5/4965.gif",
    "id": 232,
    "name": "cable standing pulldown (with rope)",
    "target": "biceps"
  },
  {
    "bodyPart": "upper arms",
    "equipment": "cable",
    "gifUrl": "https://gymvisual.com/img/p/7/5/3/1/7531.gif",
    "id": 1727,
    "name": "cable standing reverse grip one arm overhead tricep extension",
    "target": "triceps"
  },
  {
    "bodyPart": "upper arms",
    "equipment": "cable",
    "gifUrl": "https://gymvisual.com/img/p/4/9/7/4/4974.gif",
    "id": 241,
    "name": "cable triceps pushdown (v-bar)",
    "target": "triceps"
  },
  {
    "bodyPart": "upper arms",
    "equipment": "cable",
    "gifUrl": "https://gymvisual.com/img/p/1/0/4/7/2/10472.gif",
    "id": 2405,
    "name": "cable triceps pushdown (v-bar) (with arm blaster)",
    "target": "triceps"
  },
  {
    "bodyPart": "upper arms",
    "equipment": "cable",
    "gifUrl": "https://gymvisual.com/img/p/7/2/5/8/7258.gif",
    "id": 1645,
    "name": "cable two arm curl on incline bench",
    "target": "biceps"
  },
  {
    "bodyPart": "upper arms",
    "equipment": "cable",
    "gifUrl": "https://gymvisual.com/img/p/7/5/3/2/7532.gif",
    "id": 1728,
    "name": "cable two arm tricep kickback",
    "target": "triceps"
  },
  {
    "bodyPart": "upper arms",
    "equipment": "body weight",
    "gifUrl": "https://gymvisual.com/img/p/2/6/4/5/4/26454.gif",
    "id": 259,
    "name": "close-grip push-up",
    "target": "triceps"
  },
  {
    "bodyPart": "upper arms",
    "equipment": "body weight",
    "gifUrl": "https://gymvisual.com/img/p/1/0/4/0/9/10409.gif",
    "id": 2398,
    "name": "close-grip push-up (on knees)",
    "target": "triceps"
  },
  {
    "bodyPart": "upper arms",
    "equipment": "body weight",
    "gifUrl": "https://gymvisual.com/img/p/1/9/8/5/6/19856.gif",
    "id": 283,
    "name": "diamond push-up",
    "target": "triceps"
  },
  {
    "bodyPart": "upper arms",
    "equipment": "dumbbell",
    "gifUrl": "https://gymvisual.com/img/p/5/0/1/8/5018.gif",
    "id": 285,
    "name": "dumbbell alternate biceps curl",
    "target": "biceps"
  },
  {
    "bodyPart": "upper arms",
    "equipment": "dumbbell",
    "gifUrl": "https://gymvisual.com/img/p/1/0/4/7/0/10470.gif",
    "id": 2403,
    "name": "dumbbell alternate biceps curl (with arm blaster)",
    "target": "biceps"
  },
  {
    "bodyPart": "upper arms",
    "equipment": "dumbbell",
    "gifUrl": "https://gymvisual.com/img/p/7/2/5/9/7259.gif",
    "id": 1646,
    "name": "dumbbell alternate hammer preacher curl",
    "target": "biceps"
  },
  {
    "bodyPart": "upper arms",
    "equipment": "dumbbell",
    "gifUrl": "https://gymvisual.com/img/p/7/2/6/0/7260.gif",
    "id": 1647,
    "name": "dumbbell alternate preacher curl",
    "target": "biceps"
  },
  {
    "bodyPart": "upper arms",
    "equipment": "dumbbell",
    "gifUrl": "https://gymvisual.com/img/p/7/2/6/1/7261.gif",
    "id": 1648,
    "name": "dumbbell alternate seated hammer curl",
    "target": "biceps"
  },
  {
    "bodyPart": "upper arms",
    "equipment": "dumbbell",
    "gifUrl": "https://gymvisual.com/img/p/7/2/6/2/7262.gif",
    "id": 1649,
    "name": "dumbbell alternating bicep curl with leg raised on exercise ball",
    "target": "biceps"
  },
  {
    "bodyPart": "upper arms",
    "equipment": "dumbbell",
    "gifUrl": "https://gymvisual.com/img/p/7/2/6/3/7263.gif",
    "id": 1650,
    "name": "dumbbell alternating seated bicep curl on exercise ball",
    "target": "biceps"
  },
  {
    "bodyPart": "upper arms",
    "equipment": "dumbbell",
    "gifUrl": "https://gymvisual.com/img/p/7/2/6/4/7264.gif",
    "id": 1651,
    "name": "dumbbell bicep curl lunge with bowling motion",
    "target": "biceps"
  },
  {
    "bodyPart": "upper arms",
    "equipment": "dumbbell",
    "gifUrl": "https://gymvisual.com/img/p/7/2/6/5/7265.gif",
    "id": 1652,
    "name": "dumbbell bicep curl on exercise ball with leg raised",
    "target": "biceps"
  },
  {
    "bodyPart": "upper arms",
    "equipment": "dumbbell",
    "gifUrl": "https://gymvisual.com/img/p/7/2/6/6/7266.gif",
    "id": 1653,
    "name": "dumbbell bicep curl with stork stance",
    "target": "biceps"
  },
  {
    "bodyPart": "upper arms",
    "equipment": "dumbbell",
    "gifUrl": "https://gymvisual.com/img/p/5/0/2/7/5027.gif",
    "id": 294,
    "name": "dumbbell biceps curl",
    "target": "biceps"
  },
  {
    "bodyPart": "upper arms",
    "equipment": "dumbbell",
    "gifUrl": "https://gymvisual.com/img/p/1/0/4/6/8/10468.gif",
    "id": 2401,
    "name": "dumbbell biceps curl (with arm blaster)",
    "target": "biceps"
  },
  {
    "bodyPart": "upper arms",
    "equipment": "dumbbell",
    "gifUrl": "https://gymvisual.com/img/p/7/2/6/7/7267.gif",
    "id": 1654,
    "name": "dumbbell biceps curl reverse",
    "target": "biceps"
  },
  {
    "bodyPart": "upper arms",
    "equipment": "dumbbell",
    "gifUrl": "https://gymvisual.com/img/p/7/2/6/8/7268.gif",
    "id": 1655,
    "name": "dumbbell biceps curl squat",
    "target": "biceps"
  },
  {
    "bodyPart": "upper arms",
    "equipment": "dumbbell",
    "gifUrl": "https://gymvisual.com/img/p/7/2/6/9/7269.gif",
    "id": 1656,
    "name": "dumbbell biceps curl v sit on bosu ball",
    "target": "biceps"
  },
  {
    "bodyPart": "upper arms",
    "equipment": "dumbbell",
    "gifUrl": "https://gymvisual.com/img/p/5/0/2/9/5029.gif",
    "id": 1731,
    "name": "dumbbell close grip press",
    "target": "triceps"
  },
  {
    "bodyPart": "upper arms",
    "equipment": "dumbbell",
    "gifUrl": "https://gymvisual.com/img/p/5/0/2/9/5029.gif",
    "id": 296,
    "name": "dumbbell close-grip press",
    "target": "triceps"
  },
  {
    "bodyPart": "upper arms",
    "equipment": "dumbbell",
    "gifUrl": "https://gymvisual.com/img/p/2/8/1/1/8/28118.gif",
    "id": 297,
    "name": "dumbbell concentration curl",
    "target": "biceps"
  },
  {
    "bodyPart": "upper arms",
    "equipment": "dumbbell",
    "gifUrl": "https://gymvisual.com/img/p/5/0/3/1/5031.gif",
    "id": 298,
    "name": "dumbbell cross body hammer curl",
    "target": "biceps"
  },
  {
    "bodyPart": "upper arms",
    "equipment": "dumbbell",
    "gifUrl": "https://gymvisual.com/img/p/7/2/7/0/7270.gif",
    "id": 1657,
    "name": "dumbbell cross body hammer curl v. 2",
    "target": "biceps"
  },
  {
    "bodyPart": "upper arms",
    "equipment": "dumbbell",
    "gifUrl": "https://gymvisual.com/img/p/7/2/3/1/7231.gif",
    "id": 1617,
    "name": "dumbbell decline one arm hammer press",
    "target": "triceps"
  },
  {
    "bodyPart": "upper arms",
    "equipment": "dumbbell",
    "gifUrl": "https://gymvisual.com/img/p/5/0/3/9/5039.gif",
    "id": 306,
    "name": "dumbbell decline triceps extension",
    "target": "triceps"
  },
  {
    "bodyPart": "upper arms",
    "equipment": "dumbbell",
    "gifUrl": "https://gymvisual.com/img/p/7/5/3/6/7536.gif",
    "id": 1732,
    "name": "dumbbell forward lunge triceps extension",
    "target": "triceps"
  },
  {
    "bodyPart": "upper arms",
    "equipment": "dumbbell",
    "gifUrl": "https://gymvisual.com/img/p/5/0/4/6/5046.gif",
    "id": 313,
    "name": "dumbbell hammer curl",
    "target": "biceps"
  },
  {
    "bodyPart": "upper arms",
    "equipment": "dumbbell",
    "gifUrl": "https://gymvisual.com/img/p/7/2/7/2/7272.gif",
    "id": 1659,
    "name": "dumbbell hammer curl on exercise ball",
    "target": "biceps"
  },
  {
    "bodyPart": "upper arms",
    "equipment": "dumbbell",
    "gifUrl": "https://gymvisual.com/img/p/7/2/7/0/7270.gif",
    "id": 312,
    "name": "dumbbell hammer curl v. 2",
    "target": "biceps"
  },
  {
    "bodyPart": "upper arms",
    "equipment": "dumbbell",
    "gifUrl": "https://gymvisual.com/img/p/1/0/4/6/9/10469.gif",
    "id": 2402,
    "name": "dumbbell hammer curls (with arm blaster)",
    "target": "biceps"
  },
  {
    "bodyPart": "upper arms",
    "equipment": "dumbbell",
    "gifUrl": "https://gymvisual.com/img/p/7/2/7/7/7277.gif",
    "id": 1664,
    "name": "dumbbell high curl",
    "target": "biceps"
  },
  {
    "bodyPart": "upper arms",
    "equipment": "dumbbell",
    "gifUrl": "https://gymvisual.com/img/p/1/9/8/1/1/19811.gif",
    "id": 315,
    "name": "dumbbell incline biceps curl",
    "target": "biceps"
  },
  {
    "bodyPart": "upper arms",
    "equipment": "dumbbell",
    "gifUrl": "https://gymvisual.com/img/p/2/7/6/3/0/27630.gif",
    "id": 318,
    "name": "dumbbell incline curl",
    "target": "biceps"
  },
  {
    "bodyPart": "upper arms",
    "equipment": "dumbbell",
    "gifUrl": "https://gymvisual.com/img/p/5/0/5/8/5058.gif",
    "id": 317,
    "name": "dumbbell incline curl v. 2",
    "target": "biceps"
  },
  {
    "bodyPart": "upper arms",
    "equipment": "dumbbell",
    "gifUrl": "https://gymvisual.com/img/p/5/0/6/1/5061.gif",
    "id": 320,
    "name": "dumbbell incline hammer curl",
    "target": "biceps"
  },
  {
    "bodyPart": "upper arms",
    "equipment": "dumbbell",
    "gifUrl": "https://gymvisual.com/img/p/7/2/3/2/7232.gif",
    "id": 1618,
    "name": "dumbbell incline hammer press on exercise ball",
    "target": "triceps"
  },
  {
    "bodyPart": "upper arms",
    "equipment": "dumbbell",
    "gifUrl": "https://gymvisual.com/img/p/5/0/6/3/5063.gif",
    "id": 322,
    "name": "dumbbell incline inner biceps curl",
    "target": "biceps"
  },
  {
    "bodyPart": "upper arms",
    "equipment": "dumbbell",
    "gifUrl": "https://gymvisual.com/img/p/7/2/3/3/7233.gif",
    "id": 1619,
    "name": "dumbbell incline one arm hammer press",
    "target": "triceps"
  },
  {
    "bodyPart": "upper arms",
    "equipment": "dumbbell",
    "gifUrl": "https://gymvisual.com/img/p/7/2/3/4/7234.gif",
    "id": 1620,
    "name": "dumbbell incline one arm hammer press on exercise ball",
    "target": "triceps"
  },
  {
    "bodyPart": "upper arms",
    "equipment": "dumbbell",
    "gifUrl": "https://gymvisual.com/img/p/2/0/8/3/9/20839.gif",
    "id": 330,
    "name": "dumbbell incline triceps extension",
    "target": "triceps"
  },
  {
    "bodyPart": "upper arms",
    "equipment": "dumbbell",
    "gifUrl": "https://gymvisual.com/img/p/7/5/3/7/7537.gif",
    "id": 1733,
    "name": "dumbbell incline two arm extension",
    "target": "triceps"
  },
  {
    "bodyPart": "upper arms",
    "equipment": "dumbbell",
    "gifUrl": "https://media.tenor.com/UchKCbffFNEAAAAM/kick-back.gif",
    "id": 333,
    "name": "dumbbell kickback",
    "target": "triceps"
  },
  {
    "bodyPart": "upper arms",
    "equipment": "dumbbell",
    "gifUrl": "https://gymvisual.com/img/p/7/5/3/8/7538.gif",
    "id": 1734,
    "name": "dumbbell kickbacks on exercise ball",
    "target": "triceps"
  },
  {
    "bodyPart": "upper arms",
    "equipment": "dumbbell",
    "gifUrl": "https://gymvisual.com/img/p/7/2/7/3/7273.gif",
    "id": 1660,
    "name": "dumbbell kneeling bicep curl exercise ball",
    "target": "biceps"
  },
  {
    "bodyPart": "upper arms",
    "equipment": "dumbbell",
    "gifUrl": "https://gymvisual.com/img/p/7/2/7/1/7271.gif",
    "id": 1658,
    "name": "dumbbell lunge with bicep curl",
    "target": "biceps"
  },
  {
    "bodyPart": "upper arms",
    "equipment": "dumbbell",
    "gifUrl": "https://gymvisual.com/img/p/5/0/7/8/5078.gif",
    "id": 337,
    "name": "dumbbell lying  extension (across face)",
    "target": "triceps"
  },
  {
    "bodyPart": "upper arms",
    "equipment": "dumbbell",
    "gifUrl": "https://gymvisual.com/img/p/7/5/3/3/7533.gif",
    "id": 1729,
    "name": "dumbbell lying alternate extension",
    "target": "triceps"
  },
  {
    "bodyPart": "upper arms",
    "equipment": "dumbbell",
    "gifUrl": "https://gymvisual.com/img/p/5/0/7/9/5079.gif",
    "id": 338,
    "name": "dumbbell lying elbow press",
    "target": "triceps"
  },
  {
    "bodyPart": "upper arms",
    "equipment": "dumbbell",
    "gifUrl": "https://gymvisual.com/img/p/1/1/6/9/6/11696.gif",
    "id": 344,
    "name": "dumbbell lying one arm pronated triceps extension",
    "target": "triceps"
  },
  {
    "bodyPart": "upper arms",
    "equipment": "dumbbell",
    "gifUrl": "https://gymvisual.com/img/p/5/0/8/7/5087.gif",
    "id": 346,
    "name": "dumbbell lying one arm supinated triceps extension",
    "target": "triceps"
  },
  {
    "bodyPart": "upper arms",
    "equipment": "dumbbell",
    "gifUrl": "https://gymvisual.com/img/p/7/5/3/9/7539.gif",
    "id": 1735,
    "name": "dumbbell lying single extension",
    "target": "triceps"
  },
  {
    "bodyPart": "upper arms",
    "equipment": "dumbbell",
    "gifUrl": "https://gymvisual.com/img/p/7/2/7/4/7274.gif",
    "id": 1661,
    "name": "dumbbell lying supine biceps curl",
    "target": "biceps"
  },
  {
    "bodyPart": "upper arms",
    "equipment": "dumbbell",
    "gifUrl": "https://gymvisual.com/img/p/5/0/9/1/5091.gif",
    "id": 350,
    "name": "dumbbell lying supine curl",
    "target": "biceps"
  },
  {
    "bodyPart": "upper arms",
    "equipment": "dumbbell",
    "gifUrl": "https://gymvisual.com/img/p/2/0/8/4/3/20843.gif",
    "id": 351,
    "name": "dumbbell lying triceps extension",
    "target": "triceps"
  },
  {
    "bodyPart": "upper arms",
    "equipment": "dumbbell",
    "gifUrl": "https://gymvisual.com/img/p/7/2/7/5/7275.gif",
    "id": 1662,
    "name": "dumbbell lying wide curl",
    "target": "biceps"
  },
  {
    "bodyPart": "upper arms",
    "equipment": "dumbbell",
    "gifUrl": "https://gymvisual.com/img/p/5/0/9/3/5093.gif",
    "id": 352,
    "name": "dumbbell neutral grip bench press",
    "target": "triceps"
  },
  {
    "bodyPart": "upper arms",
    "equipment": "dumbbell",
    "gifUrl": "https://gymvisual.com/img/p/5/0/9/4/5094.gif",
    "id": 353,
    "name": "dumbbell one arm concetration curl (on stability ball)",
    "target": "biceps"
  },
  {
    "bodyPart": "upper arms",
    "equipment": "dumbbell",
    "gifUrl": "https://gymvisual.com/img/p/7/5/4/0/7540.gif",
    "id": 1736,
    "name": "dumbbell one arm french press on exercise ball",
    "target": "triceps"
  },
  {
    "bodyPart": "upper arms",
    "equipment": "dumbbell",
    "gifUrl": "https://gymvisual.com/img/p/7/2/7/6/7276.gif",
    "id": 1663,
    "name": "dumbbell one arm hammer preacher curl",
    "target": "biceps"
  },
  {
    "bodyPart": "upper arms",
    "equipment": "dumbbell",
    "gifUrl": "https://gymvisual.com/img/p/7/2/3/5/7235.gif",
    "id": 1621,
    "name": "dumbbell one arm hammer press on exercise ball",
    "target": "triceps"
  },
  {
    "bodyPart": "upper arms",
    "equipment": "dumbbell",
    "gifUrl": "https://gymvisual.com/img/p/5/0/9/5/5095.gif",
    "id": 354,
    "name": "dumbbell one arm kickback",
    "target": "triceps"
  },
  {
    "bodyPart": "upper arms",
    "equipment": "dumbbell",
    "gifUrl": "https://gymvisual.com/img/p/7/2/7/8/7278.gif",
    "id": 1665,
    "name": "dumbbell one arm prone curl",
    "target": "biceps"
  },
  {
    "bodyPart": "upper arms",
    "equipment": "dumbbell",
    "gifUrl": "https://gymvisual.com/img/p/7/2/7/9/7279.gif",
    "id": 1666,
    "name": "dumbbell one arm prone hammer curl",
    "target": "biceps"
  },
  {
    "bodyPart": "upper arms",
    "equipment": "dumbbell",
    "gifUrl": "https://gymvisual.com/img/p/6/6/7/5/6675.gif",
    "id": 1414,
    "name": "dumbbell one arm reverse preacher curl",
    "target": "biceps"
  },
  {
    "bodyPart": "upper arms",
    "equipment": "dumbbell",
    "gifUrl": "https://gymvisual.com/img/p/7/2/8/0/7280.gif",
    "id": 1667,
    "name": "dumbbell one arm reverse spider curl",
    "target": "biceps"
  },
  {
    "bodyPart": "upper arms",
    "equipment": "dumbbell",
    "gifUrl": "https://gymvisual.com/img/p/7/2/8/1/7281.gif",
    "id": 1668,
    "name": "dumbbell one arm seated bicep curl on exercise ball",
    "target": "biceps"
  },
  {
    "bodyPart": "upper arms",
    "equipment": "dumbbell",
    "gifUrl": "https://gymvisual.com/img/p/7/2/8/2/7282.gif",
    "id": 1669,
    "name": "dumbbell one arm seated hammer curl",
    "target": "biceps"
  },
  {
    "bodyPart": "upper arms",
    "equipment": "dumbbell",
    "gifUrl": "https://gymvisual.com/img/p/7/2/8/3/7283.gif",
    "id": 1670,
    "name": "dumbbell one arm standing curl",
    "target": "biceps"
  },
  {
    "bodyPart": "upper arms",
    "equipment": "dumbbell",
    "gifUrl": "https://gymvisual.com/img/p/7/2/8/4/7284.gif",
    "id": 1671,
    "name": "dumbbell one arm standing hammer curl",
    "target": "biceps"
  },
  {
    "bodyPart": "upper arms",
    "equipment": "dumbbell",
    "gifUrl": "https://media.tenor.com/Q5ODwc0VZSQAAAAM/ronnie-coleman.gif",
    "id": 362,
    "name": "dumbbell one arm triceps extension (on bench)",
    "target": "triceps"
  },
  {
    "bodyPart": "upper arms",
    "equipment": "dumbbell",
    "gifUrl": "https://gymvisual.com/img/p/7/2/8/5/7285.gif",
    "id": 1672,
    "name": "dumbbell one arm zottman preacher curl",
    "target": "biceps"
  },
  {
    "bodyPart": "upper arms",
    "equipment": "dumbbell",
    "gifUrl": "https://gymvisual.com/img/p/5/1/0/6/5106.gif",
    "id": 365,
    "name": "dumbbell over bench neutral wrist curl",
    "target": "biceps"
  },
  {
    "bodyPart": "upper arms",
    "equipment": "dumbbell",
    "gifUrl": "https://gymvisual.com/img/p/5/1/0/7/5107.gif",
    "id": 366,
    "name": "dumbbell over bench one arm  neutral wrist curl",
    "target": "biceps"
  },
  {
    "bodyPart": "upper arms",
    "equipment": "dumbbell",
    "gifUrl": "https://gymvisual.com/img/p/7/2/3/7/7237.gif",
    "id": 1623,
    "name": "dumbbell palms in incline bench press",
    "target": "triceps"
  },
  {
    "bodyPart": "upper arms",
    "equipment": "dumbbell",
    "gifUrl": "https://gymvisual.com/img/p/2/7/6/5/0/27650.gif",
    "id": 370,
    "name": "dumbbell peacher hammer curl",
    "target": "biceps"
  },
  {
    "bodyPart": "upper arms",
    "equipment": "dumbbell",
    "gifUrl": "https://gymvisual.com/img/p/5/1/1/3/5113.gif",
    "id": 372,
    "name": "dumbbell preacher curl",
    "target": "biceps"
  },
  {
    "bodyPart": "upper arms",
    "equipment": "dumbbell",
    "gifUrl": "https://gymvisual.com/img/p/7/2/8/6/7286.gif",
    "id": 1673,
    "name": "dumbbell preacher curl over exercise ball",
    "target": "biceps"
  },
  {
    "bodyPart": "upper arms",
    "equipment": "dumbbell",
    "gifUrl": "https://gymvisual.com/img/p/5/1/1/4/5114.gif",
    "id": 373,
    "name": "dumbbell pronate-grip triceps extension",
    "target": "triceps"
  },
  {
    "bodyPart": "upper arms",
    "equipment": "dumbbell",
    "gifUrl": "https://gymvisual.com/img/p/5/1/1/5/5115.gif",
    "id": 374,
    "name": "dumbbell prone incline curl",
    "target": "biceps"
  },
  {
    "bodyPart": "upper arms",
    "equipment": "dumbbell",
    "gifUrl": "https://gymvisual.com/img/p/7/2/8/7/7287.gif",
    "id": 1674,
    "name": "dumbbell prone incline hammer curl",
    "target": "biceps"
  },
  {
    "bodyPart": "upper arms",
    "equipment": "dumbbell",
    "gifUrl": "https://gymvisual.com/img/p/1/8/3/6/0/18360.gif",
    "id": 382,
    "name": "dumbbell revers grip biceps curl",
    "target": "biceps"
  },
  {
    "bodyPart": "upper arms",
    "equipment": "dumbbell",
    "gifUrl": "https://gymvisual.com/img/p/2/4/9/7/8/24978.gif",
    "id": 384,
    "name": "dumbbell reverse preacher curl",
    "target": "biceps"
  },
  {
    "bodyPart": "upper arms",
    "equipment": "dumbbell",
    "gifUrl": "https://gymvisual.com/img/p/7/2/8/8/7288.gif",
    "id": 1675,
    "name": "dumbbell reverse spider curl",
    "target": "biceps"
  },
  {
    "bodyPart": "upper arms",
    "equipment": "dumbbell",
    "gifUrl": "https://gymvisual.com/img/p/7/2/9/0/7290.gif",
    "id": 1676,
    "name": "dumbbell seated alternate hammer curl on exercise ball",
    "target": "biceps"
  },
  {
    "bodyPart": "upper arms",
    "equipment": "dumbbell",
    "gifUrl": "https://gymvisual.com/img/p/5/1/3/0/5130.gif",
    "id": 389,
    "name": "dumbbell seated bench extension",
    "target": "triceps"
  },
  {
    "bodyPart": "upper arms",
    "equipment": "dumbbell",
    "gifUrl": "https://gymvisual.com/img/p/7/5/3/4/7534.gif",
    "id": 1730,
    "name": "dumbbell seated bent over alternate kickback",
    "target": "triceps"
  },
  {
    "bodyPart": "upper arms",
    "equipment": "dumbbell",
    "gifUrl": "https://gymvisual.com/img/p/7/5/4/1/7541.gif",
    "id": 1737,
    "name": "dumbbell seated bent over triceps extension",
    "target": "triceps"
  },
  {
    "bodyPart": "upper arms",
    "equipment": "dumbbell",
    "gifUrl": "https://gymvisual.com/img/p/7/2/9/1/7291.gif",
    "id": 1677,
    "name": "dumbbell seated bicep curl",
    "target": "biceps"
  },
  {
    "bodyPart": "upper arms",
    "equipment": "dumbbell",
    "gifUrl": "https://gymvisual.com/img/p/7/2/6/3/7263.gif",
    "id": 390,
    "name": "dumbbell seated biceps curl (on stability ball)",
    "target": "biceps"
  },
  {
    "bodyPart": "upper arms",
    "equipment": "dumbbell",
    "gifUrl": "https://gymvisual.com/img/p/1/4/1/1/6/14116.gif",
    "id": 3547,
    "name": "dumbbell seated biceps curl to shoulder press",
    "target": "biceps"
  },
  {
    "bodyPart": "upper arms",
    "equipment": "dumbbell",
    "gifUrl": "https://gymvisual.com/img/p/5/1/3/2/5132.gif",
    "id": 391,
    "name": "dumbbell seated curl",
    "target": "biceps"
  },
  {
    "bodyPart": "upper arms",
    "equipment": "dumbbell",
    "gifUrl": "https://gymvisual.com/img/p/7/2/9/2/7292.gif",
    "id": 1678,
    "name": "dumbbell seated hammer curl",
    "target": "biceps"
  },
  {
    "bodyPart": "upper arms",
    "equipment": "dumbbell",
    "gifUrl": "https://gymvisual.com/img/p/5/1/3/4/5134.gif",
    "id": 393,
    "name": "dumbbell seated inner biceps curl",
    "target": "biceps"
  },
  {
    "bodyPart": "upper arms",
    "equipment": "dumbbell",
    "gifUrl": "https://gymvisual.com/img/p/5/1/3/5/5135.gif",
    "id": 394,
    "name": "dumbbell seated kickback",
    "target": "triceps"
  },
  {
    "bodyPart": "upper arms",
    "equipment": "dumbbell",
    "gifUrl": "https://gymvisual.com/img/p/5/1/3/8/5138.gif",
    "id": 397,
    "name": "dumbbell seated neutral wrist curl",
    "target": "biceps"
  },
  {
    "bodyPart": "upper arms",
    "equipment": "dumbbell",
    "gifUrl": "https://gymvisual.com/img/p/7/2/9/3/7293.gif",
    "id": 1679,
    "name": "dumbbell seated one arm bicep curl on exercise ball with leg raised",
    "target": "biceps"
  },
  {
    "bodyPart": "upper arms",
    "equipment": "dumbbell",
    "gifUrl": "https://gymvisual.com/img/p/5/1/3/9/5139.gif",
    "id": 398,
    "name": "dumbbell seated one arm kickback",
    "target": "triceps"
  },
  {
    "bodyPart": "upper arms",
    "equipment": "dumbbell",
    "gifUrl": "https://gymvisual.com/img/p/5/1/4/3/5143.gif",
    "id": 402,
    "name": "dumbbell seated preacher curl",
    "target": "biceps"
  },
  {
    "bodyPart": "upper arms",
    "equipment": "dumbbell",
    "gifUrl": "https://gymvisual.com/img/p/5/1/4/4/5144.gif",
    "id": 403,
    "name": "dumbbell seated revers grip concentration curl",
    "target": "biceps"
  },
  {
    "bodyPart": "upper arms",
    "equipment": "dumbbell",
    "gifUrl": "https://gymvisual.com/img/p/7/5/4/2/7542.gif",
    "id": 1738,
    "name": "dumbbell seated reverse grip one arm overhead tricep extension",
    "target": "triceps"
  },
  {
    "bodyPart": "upper arms",
    "equipment": "dumbbell",
    "gifUrl": "https://gymvisual.com/img/p/8/8/0/6/8806.gif",
    "id": 2188,
    "name": "dumbbell seated triceps extension",
    "target": "triceps"
  },
  {
    "bodyPart": "upper arms",
    "equipment": "dumbbell",
    "gifUrl": "https://gymvisual.com/img/p/1/4/1/5/6/14156.gif",
    "id": 3560,
    "name": "dumbbell standing alternate hammer curl and press",
    "target": "biceps"
  },
  {
    "bodyPart": "upper arms",
    "equipment": "dumbbell",
    "gifUrl": "https://gymvisual.com/img/p/7/5/4/3/7543.gif",
    "id": 1739,
    "name": "dumbbell standing alternating tricep kickback",
    "target": "triceps"
  },
  {
    "bodyPart": "upper arms",
    "equipment": "dumbbell",
    "gifUrl": "https://gymvisual.com/img/p/7/5/4/4/7544.gif",
    "id": 1740,
    "name": "dumbbell standing bent over one arm triceps extension",
    "target": "triceps"
  },
  {
    "bodyPart": "upper arms",
    "equipment": "dumbbell",
    "gifUrl": "https://gymvisual.com/img/p/7/5/4/5/7545.gif",
    "id": 1741,
    "name": "dumbbell standing bent over two arm triceps extension",
    "target": "triceps"
  },
  {
    "bodyPart": "upper arms",
    "equipment": "dumbbell",
    "gifUrl": "https://gymvisual.com/img/p/2/4/7/6/4/24764.gif",
    "id": 416,
    "name": "dumbbell standing biceps curl",
    "target": "biceps"
  },
  {
    "bodyPart": "upper arms",
    "equipment": "dumbbell",
    "gifUrl": "https://gymvisual.com/img/p/5/1/5/9/5159.gif",
    "id": 418,
    "name": "dumbbell standing concentration curl",
    "target": "biceps"
  },
  {
    "bodyPart": "upper arms",
    "equipment": "dumbbell",
    "gifUrl": "https://gymvisual.com/img/p/9/8/3/4/9834.gif",
    "id": 2321,
    "name": "dumbbell standing inner biceps curl v. 2",
    "target": "biceps"
  },
  {
    "bodyPart": "upper arms",
    "equipment": "dumbbell",
    "gifUrl": "https://gymvisual.com/img/p/7/5/4/3/7543.gif",
    "id": 420,
    "name": "dumbbell standing kickback",
    "target": "triceps"
  },
  {
    "bodyPart": "upper arms",
    "equipment": "dumbbell",
    "gifUrl": "https://gymvisual.com/img/p/5/1/6/2/5162.gif",
    "id": 421,
    "name": "dumbbell standing one arm concentration curl",
    "target": "biceps"
  },
  {
    "bodyPart": "upper arms",
    "equipment": "dumbbell",
    "gifUrl": "https://gymvisual.com/img/p/5/1/6/3/5163.gif",
    "id": 422,
    "name": "dumbbell standing one arm curl (over incline bench)",
    "target": "biceps"
  },
  {
    "bodyPart": "upper arms",
    "equipment": "dumbbell",
    "gifUrl": "https://gymvisual.com/img/p/5/1/6/3/5163.gif",
    "id": 1680,
    "name": "dumbbell standing one arm curl over incline bench",
    "target": "biceps"
  },
  {
    "bodyPart": "upper arms",
    "equipment": "dumbbell",
    "gifUrl": "https://media.tenor.com/Q5ODwc0VZSQAAAAM/ronnie-coleman.gif",
    "id": 423,
    "name": "dumbbell standing one arm extension",
    "target": "triceps"
  },
  {
    "bodyPart": "upper arms",
    "equipment": "dumbbell",
    "gifUrl": "https://gymvisual.com/img/p/5/1/6/6/5166.gif",
    "id": 425,
    "name": "dumbbell standing one arm reverse curl",
    "target": "biceps"
  },
  {
    "bodyPart": "upper arms",
    "equipment": "dumbbell",
    "gifUrl": "https://gymvisual.com/img/p/5/1/6/9/5169.gif",
    "id": 428,
    "name": "dumbbell standing preacher curl",
    "target": "biceps"
  },
  {
    "bodyPart": "upper arms",
    "equipment": "dumbbell",
    "gifUrl": "https://gymvisual.com/img/p/5/1/7/0/5170.gif",
    "id": 429,
    "name": "dumbbell standing reverse curl",
    "target": "biceps"
  },
  {
    "bodyPart": "upper arms",
    "equipment": "dumbbell",
    "gifUrl": "https://media.tenor.com/GRMSvKqfksMAAAAM/triceps.gif",
    "id": 430,
    "name": "dumbbell standing triceps extension",
    "target": "triceps"
  },
  {
    "bodyPart": "upper arms",
    "equipment": "dumbbell",
    "gifUrl": "https://gymvisual.com/img/p/9/7/5/1/9751.gif",
    "id": 2293,
    "name": "dumbbell standing zottman preacher curl",
    "target": "biceps"
  },
  {
    "bodyPart": "upper arms",
    "equipment": "dumbbell",
    "gifUrl": "https://gymvisual.com/img/p/7/2/9/7/7297.gif",
    "id": 1684,
    "name": "dumbbell step up single leg balance with bicep curl",
    "target": "biceps"
  },
  {
    "bodyPart": "upper arms",
    "equipment": "dumbbell",
    "gifUrl": "https://gymvisual.com/img/p/5/1/7/7/5177.gif",
    "id": 436,
    "name": "dumbbell tate press",
    "target": "triceps"
  },
  {
    "bodyPart": "upper arms",
    "equipment": "dumbbell",
    "gifUrl": "https://gymvisual.com/img/p/7/5/4/6/7546.gif",
    "id": 1742,
    "name": "dumbbell tricep kickback with stork stance",
    "target": "triceps"
  },
  {
    "bodyPart": "upper arms",
    "equipment": "dumbbell",
    "gifUrl": "https://gymvisual.com/img/p/7/5/4/7/7547.gif",
    "id": 1743,
    "name": "dumbbell twisting bench press",
    "target": "triceps"
  },
  {
    "bodyPart": "upper arms",
    "equipment": "dumbbell",
    "gifUrl": "https://gymvisual.com/img/p/2/0/9/6/4/20964.gif",
    "id": 5201,
    "name": "dumbbell waiter biceps curl",
    "target": "biceps"
  },
  {
    "bodyPart": "upper arms",
    "equipment": "dumbbell",
    "gifUrl": "https://gymvisual.com/img/p/1/2/2/4/6/12246.gif",
    "id": 439,
    "name": "dumbbell zottman curl",
    "target": "biceps"
  },
  {
    "bodyPart": "upper arms",
    "equipment": "dumbbell",
    "gifUrl": "https://gymvisual.com/img/p/9/7/5/0/9750.gif",
    "id": 2294,
    "name": "dumbbell zottman preacher curl",
    "target": "biceps"
  },
  {
    "bodyPart": "upper arms",
    "equipment": "dumbbell",
    "gifUrl": "https://gymvisual.com/img/p/8/8/0/6/8806.gif",
    "id": 2189,
    "name": "dumbbells seated triceps extension",
    "target": "triceps"
  },
  {
    "bodyPart": "upper arms",
    "equipment": "body weight",
    "gifUrl": "https://gymvisual.com/img/p/1/3/1/3/6/13136.gif",
    "id": 3287,
    "name": "elbow dips",
    "target": "triceps"
  },
  {
    "bodyPart": "upper arms",
    "equipment": "stability ball",
    "gifUrl": "https://gymvisual.com/img/p/7/5/4/8/7548.gif",
    "id": 1744,
    "name": "exercise ball dip",
    "target": "triceps"
  },
  {
    "bodyPart": "upper arms",
    "equipment": "stability ball",
    "gifUrl": "https://gymvisual.com/img/p/7/5/4/9/7549.gif",
    "id": 1745,
    "name": "exercise ball seated triceps stretch",
    "target": "triceps"
  },
  {
    "bodyPart": "upper arms",
    "equipment": "dumbbell",
    "gifUrl": "https://gymvisual.com/img/p/7/5/5/0/7550.gif",
    "id": 1746,
    "name": "exercise ball supine triceps extension",
    "target": "triceps"
  },
  {
    "bodyPart": "upper arms",
    "equipment": "ez barbell",
    "gifUrl": "https://gymvisual.com/img/p/7/5/5/1/7551.gif",
    "id": 1747,
    "name": "ez bar french press on exercise ball",
    "target": "triceps"
  },
  {
    "bodyPart": "upper arms",
    "equipment": "ez barbell",
    "gifUrl": "https://gymvisual.com/img/p/1/8/6/1/1/18611.gif",
    "id": 1748,
    "name": "ez bar lying close grip triceps extension behind head",
    "target": "triceps"
  },
  {
    "bodyPart": "upper arms",
    "equipment": "ez barbell",
    "gifUrl": "https://gymvisual.com/img/p/7/2/9/5/7295.gif",
    "id": 1682,
    "name": "ez bar seated close grip concentration curl",
    "target": "biceps"
  },
  {
    "bodyPart": "upper arms",
    "equipment": "ez barbell",
    "gifUrl": "https://gymvisual.com/img/p/7/5/5/3/7553.gif",
    "id": 1749,
    "name": "ez bar standing french press",
    "target": "triceps"
  },
  {
    "bodyPart": "upper arms",
    "equipment": "ez barbell",
    "gifUrl": "https://gymvisual.com/img/p/1/2/2/3/3/12233.gif",
    "id": 1627,
    "name": "ez barbell close grip preacher curl",
    "target": "biceps"
  },
  {
    "bodyPart": "upper arms",
    "equipment": "ez barbell",
    "gifUrl": "https://gymvisual.com/img/p/5/1/8/7/5187.gif",
    "id": 446,
    "name": "ez barbell close-grip curl",
    "target": "biceps"
  },
  {
    "bodyPart": "upper arms",
    "equipment": "ez barbell",
    "gifUrl": "https://gymvisual.com/img/p/5/1/8/8/5188.gif",
    "id": 447,
    "name": "ez barbell curl",
    "target": "biceps"
  },
  {
    "bodyPart": "upper arms",
    "equipment": "ez barbell",
    "gifUrl": "https://gymvisual.com/img/p/5/1/8/9/5189.gif",
    "id": 448,
    "name": "ez barbell decline close grip face press",
    "target": "triceps"
  },
  {
    "bodyPart": "upper arms",
    "equipment": "ez barbell",
    "gifUrl": "https://gymvisual.com/img/p/8/8/0/4/8804.gif",
    "id": 2186,
    "name": "ez barbell decline triceps extension",
    "target": "triceps"
  },
  {
    "bodyPart": "upper arms",
    "equipment": "ez barbell",
    "gifUrl": "https://gymvisual.com/img/p/5/1/9/0/5190.gif",
    "id": 449,
    "name": "ez barbell incline triceps extension",
    "target": "triceps"
  },
  {
    "bodyPart": "upper arms",
    "equipment": "ez barbell",
    "gifUrl": "https://gymvisual.com/img/p/5/1/9/1/5191.gif",
    "id": 450,
    "name": "ez barbell jm bench press",
    "target": "triceps"
  },
  {
    "bodyPart": "upper arms",
    "equipment": "ez barbell",
    "gifUrl": "https://gymvisual.com/img/p/5/1/9/2/5192.gif",
    "id": 451,
    "name": "ez barbell reverse grip curl",
    "target": "biceps"
  },
  {
    "bodyPart": "upper arms",
    "equipment": "ez barbell",
    "gifUrl": "https://gymvisual.com/img/p/2/4/9/8/0/24980.gif",
    "id": 452,
    "name": "ez barbell reverse grip preacher curl",
    "target": "biceps"
  },
  {
    "bodyPart": "upper arms",
    "equipment": "ez barbell",
    "gifUrl": "https://gymvisual.com/img/p/6/6/9/3/6693.gif",
    "id": 1458,
    "name": "ez barbell seated curls",
    "target": "biceps"
  },
  {
    "bodyPart": "upper arms",
    "equipment": "ez barbell",
    "gifUrl": "https://gymvisual.com/img/p/2/5/0/2/2/25022.gif",
    "id": 453,
    "name": "ez barbell seated triceps extension",
    "target": "triceps"
  },
  {
    "bodyPart": "upper arms",
    "equipment": "ez barbell",
    "gifUrl": "https://gymvisual.com/img/p/5/1/9/5/5195.gif",
    "id": 454,
    "name": "ez barbell spider curl",
    "target": "biceps"
  },
  {
    "bodyPart": "upper arms",
    "equipment": "ez barbell",
    "gifUrl": "https://gymvisual.com/img/p/1/0/4/7/1/10471.gif",
    "id": 2404,
    "name": "ez-bar biceps curl (with arm blaster)",
    "target": "biceps"
  },
  {
    "bodyPart": "upper arms",
    "equipment": "ez barbell",
    "gifUrl": "https://gymvisual.com/img/p/1/0/5/6/3/10563.gif",
    "id": 2432,
    "name": "ez-bar close-grip bench press",
    "target": "triceps"
  },
  {
    "bodyPart": "upper arms",
    "equipment": "ez barbell",
    "gifUrl": "https://gymvisual.com/img/p/1/1/6/0/0/11600.gif",
    "id": 2741,
    "name": "ez-barbell standing wide grip biceps curl",
    "target": "biceps"
  },
  {
    "bodyPart": "upper arms",
    "equipment": "body weight",
    "gifUrl": "https://media.tenor.com/h_1Q8afBpLoAAAAM/epic-fail-crush-it.gif",
    "id": 3302,
    "name": "handstand",
    "target": "triceps"
  },
  {
    "bodyPart": "upper arms",
    "equipment": "body weight",
    "gifUrl": "https://gymvisual.com/img/p/2/4/3/4/2/24342.gif",
    "id": 471,
    "name": "handstand push-up",
    "target": "triceps"
  },
  {
    "bodyPart": "upper arms",
    "equipment": "body weight",
    "gifUrl": "https://gymvisual.com/img/p/1/3/1/3/8/13138.gif",
    "id": 3289,
    "name": "impossible dips",
    "target": "triceps"
  },
  {
    "bodyPart": "upper arms",
    "equipment": "body weight",
    "gifUrl": "https://gymvisual.com/img/p/5/2/2/9/5229.gif",
    "id": 490,
    "name": "incline close-grip push-up",
    "target": "triceps"
  },
  {
    "bodyPart": "upper arms",
    "equipment": "kettlebell",
    "gifUrl": "https://gymvisual.com/img/p/2/1/6/9/3/21693.gif",
    "id": 525,
    "name": "kettlebell bottoms up clean from the hang position",
    "target": "biceps"
  },
  {
    "bodyPart": "upper arms",
    "equipment": "kettlebell",
    "gifUrl": "https://gymvisual.com/img/p/5/2/6/4/5264.gif",
    "id": 526,
    "name": "kettlebell double alternating hang clean",
    "target": "biceps"
  },
  {
    "bodyPart": "upper arms",
    "equipment": "leverage machine",
    "gifUrl": "https://gymvisual.com/img/p/5/3/1/2/5312.gif",
    "id": 575,
    "name": "lever bicep curl",
    "target": "biceps"
  },
  {
    "bodyPart": "upper arms",
    "equipment": "leverage machine",
    "gifUrl": "https://gymvisual.com/img/p/7/2/2/9/7229.gif",
    "id": 1615,
    "name": "lever hammer grip preacher curl",
    "target": "biceps"
  },
  {
    "bodyPart": "upper arms",
    "equipment": "leverage machine",
    "gifUrl": "https://gymvisual.com/img/p/5/3/2/8/5328.gif",
    "id": 591,
    "name": "lever overhand triceps dip",
    "target": "triceps"
  },
  {
    "bodyPart": "upper arms",
    "equipment": "leverage machine",
    "gifUrl": "https://gymvisual.com/img/p/2/0/6/0/3/20603.gif",
    "id": 592,
    "name": "lever preacher curl",
    "target": "biceps"
  },
  {
    "bodyPart": "upper arms",
    "equipment": "leverage machine",
    "gifUrl": "https://gymvisual.com/img/p/7/2/2/8/7228.gif",
    "id": 1614,
    "name": "lever preacher curl v. 2",
    "target": "biceps"
  },
  {
    "bodyPart": "upper arms",
    "equipment": "leverage machine",
    "gifUrl": "https://gymvisual.com/img/p/7/2/3/0/7230.gif",
    "id": 1616,
    "name": "lever reverse grip preacher curl",
    "target": "biceps"
  },
  {
    "bodyPart": "upper arms",
    "equipment": "leverage machine",
    "gifUrl": "https://gymvisual.com/img/p/6/3/5/8/6358.gif",
    "id": 1451,
    "name": "lever seated dip",
    "target": "triceps"
  },
  {
    "bodyPart": "upper arms",
    "equipment": "leverage machine",
    "gifUrl": "https://gymvisual.com/img/p/5/7/4/3/5743.gif",
    "id": 607,
    "name": "lever triceps extension",
    "target": "triceps"
  },
  {
    "bodyPart": "upper arms",
    "equipment": "medicine ball",
    "gifUrl": "https://gymvisual.com/img/p/7/4/1/7/7417.gif",
    "id": 1701,
    "name": "medicine ball close grip push up",
    "target": "triceps"
  },
  {
    "bodyPart": "upper arms",
    "equipment": "medicine ball",
    "gifUrl": "https://gymvisual.com/img/p/7/5/5/4/7554.gif",
    "id": 1750,
    "name": "medicine ball supine chest throw",
    "target": "triceps"
  },
  {
    "bodyPart": "upper arms",
    "equipment": "stability ball",
    "gifUrl": "https://gymvisual.com/img/p/1/0/1/6/1/10161.gif",
    "id": 2328,
    "name": "narrow push-up on exercise ball",
    "target": "triceps"
  },
  {
    "bodyPart": "upper arms",
    "equipment": "olympic barbell",
    "gifUrl": "https://gymvisual.com/img/p/5/3/7/1/5371.gif",
    "id": 636,
    "name": "olympic barbell hammer curl",
    "target": "biceps"
  },
  {
    "bodyPart": "upper arms",
    "equipment": "olympic barbell",
    "gifUrl": "https://gymvisual.com/img/p/5/3/7/2/5372.gif",
    "id": 637,
    "name": "olympic barbell triceps extension",
    "target": "triceps"
  },
  {
    "bodyPart": "upper arms",
    "equipment": "body weight",
    "gifUrl": "https://gymvisual.com/img/p/5/3/7/4/5374.gif",
    "id": 639,
    "name": "one arm dip",
    "target": "triceps"
  },
  {
    "bodyPart": "upper arms",
    "equipment": "body weight",
    "gifUrl": "https://gymvisual.com/img/p/5/3/7/8/5378.gif",
    "id": 643,
    "name": "overhead triceps stretch",
    "target": "triceps"
  },
  {
    "bodyPart": "upper arms",
    "equipment": "dumbbell",
    "gifUrl": "https://gymvisual.com/img/p/5/3/9/4/5394.gif",
    "id": 660,
    "name": "push-up close-grip off dumbbell",
    "target": "triceps"
  },
  {
    "bodyPart": "upper arms",
    "equipment": "body weight",
    "gifUrl": "https://gymvisual.com/img/p/6/7/0/2/6702.gif",
    "id": 1467,
    "name": "push-up on lower arms",
    "target": "triceps"
  },
  {
    "bodyPart": "upper arms",
    "equipment": "resistance band",
    "gifUrl": "https://gymvisual.com/img/p/1/2/5/1/8/12518.gif",
    "id": 3123,
    "name": "resistance band seated biceps curl",
    "target": "biceps"
  },
  {
    "bodyPart": "upper arms",
    "equipment": "body weight",
    "gifUrl": "https://gymvisual.com/img/p/5/4/0/6/5406.gif",
    "id": 672,
    "name": "reverse dip",
    "target": "triceps"
  },
  {
    "bodyPart": "upper arms",
    "equipment": "body weight",
    "gifUrl": "https://gymvisual.com/img/p/1/9/8/8/9/19889.gif",
    "id": 677,
    "name": "ring dips",
    "target": "triceps"
  },
  {
    "bodyPart": "upper arms",
    "equipment": "body weight",
    "gifUrl": "https://gymvisual.com/img/p/1/4/1/6/4/14164.gif",
    "id": 717,
    "name": "side push-up",
    "target": "triceps"
  },
  {
    "bodyPart": "upper arms",
    "equipment": "skierg machine",
    "gifUrl": "https://gymvisual.com/img/p/8/7/6/3/8763.gif",
    "id": 2142,
    "name": "ski ergometer",
    "target": "triceps"
  },
  {
    "bodyPart": "upper arms",
    "equipment": "smith machine",
    "gifUrl": "https://gymvisual.com/img/p/7/2/3/9/7239.gif",
    "id": 751,
    "name": "smith close-grip bench press",
    "target": "triceps"
  },
  {
    "bodyPart": "upper arms",
    "equipment": "smith machine",
    "gifUrl": "https://gymvisual.com/img/p/7/2/9/6/7296.gif",
    "id": 1683,
    "name": "smith machine bicep curl",
    "target": "biceps"
  },
  {
    "bodyPart": "upper arms",
    "equipment": "smith machine",
    "gifUrl": "https://gymvisual.com/img/p/7/2/3/9/7239.gif",
    "id": 1625,
    "name": "smith machine decline close grip bench press",
    "target": "triceps"
  },
  {
    "bodyPart": "upper arms",
    "equipment": "smith machine",
    "gifUrl": "https://gymvisual.com/img/p/7/5/5/6/7556.gif",
    "id": 1752,
    "name": "smith machine incline tricep extension",
    "target": "triceps"
  },
  {
    "bodyPart": "upper arms",
    "equipment": "body weight",
    "gifUrl": "https://gymvisual.com/img/p/1/3/1/4/0/13140.gif",
    "id": 3291,
    "name": "stalder press",
    "target": "triceps"
  },
  {
    "bodyPart": "upper arms",
    "equipment": "body weight",
    "gifUrl": "https://gymvisual.com/img/p/7/5/5/7/7557.gif",
    "id": 1753,
    "name": "three bench dip",
    "target": "triceps"
  },
  {
    "bodyPart": "upper arms",
    "equipment": "body weight",
    "gifUrl": "https://gymvisual.com/img/p/5/5/3/8/5538.gif",
    "id": 814,
    "name": "triceps dip",
    "target": "triceps"
  },
  {
    "bodyPart": "upper arms",
    "equipment": "body weight",
    "gifUrl": "https://gymvisual.com/img/p/2/0/8/5/5/20855.gif",
    "id": 812,
    "name": "triceps dip (bench leg)",
    "target": "triceps"
  },
  {
    "bodyPart": "upper arms",
    "equipment": "body weight",
    "gifUrl": "https://gymvisual.com/img/p/5/5/3/6/5536.gif",
    "id": 813,
    "name": "triceps dip (between benches)",
    "target": "triceps"
  },
  {
    "bodyPart": "upper arms",
    "equipment": "body weight",
    "gifUrl": "https://gymvisual.com/img/p/5/5/3/8/5538.gif",
    "id": 815,
    "name": "triceps dips floor",
    "target": "triceps"
  },
  {
    "bodyPart": "upper arms",
    "equipment": "body weight",
    "gifUrl": "https://media.tenor.com/SeGw3gjjpDQAAAAM/roelly-winklaar.gif",
    "id": 816,
    "name": "triceps press",
    "target": "triceps"
  },
  {
    "bodyPart": "upper arms",
    "equipment": "body weight",
    "gifUrl": "https://gymvisual.com/img/p/5/5/4/0/5540.gif",
    "id": 817,
    "name": "triceps stretch",
    "target": "triceps"
  },
  {
    "bodyPart": "upper arms",
    "equipment": "weighted",
    "gifUrl": "https://gymvisual.com/img/p/5/5/5/2/5552.gif",
    "id": 830,
    "name": "weighted bench dip",
    "target": "triceps"
  },
  {
    "bodyPart": "upper arms",
    "equipment": "medicine ball",
    "gifUrl": "https://gymvisual.com/img/p/5/5/6/9/5569.gif",
    "id": 847,
    "name": "weighted seated bicep curl  (on stability ball)",
    "target": "biceps"
  },
  {
    "bodyPart": "upper arms",
    "equipment": "weighted",
    "gifUrl": "https://gymvisual.com/img/p/2/4/7/6/4/24764.gif",
    "id": 853,
    "name": "weighted standing curl",
    "target": "biceps"
  },
  {
    "bodyPart": "upper arms",
    "equipment": "weighted",
    "gifUrl": "https://gymvisual.com/img/p/7/5/5/8/7558.gif",
    "id": 1754,
    "name": "weighted three bench dips",
    "target": "triceps"
  },
  {
    "bodyPart": "upper arms",
    "equipment": "weighted",
    "gifUrl": "https://gymvisual.com/img/p/7/5/5/9/7559.gif",
    "id": 1755,
    "name": "weighted tricep dips",
    "target": "triceps"
  },
  {
    "bodyPart": "upper arms",
    "equipment": "weighted",
    "gifUrl": "https://gymvisual.com/img/p/7/6/0/6/7606.gif",
    "id": 1767,
    "name": "weighted triceps dip on high parallel bars",
    "target": "triceps"
  }
]